<?xml version="1.0" encoding="UTF-8"?>
<colors>
    <!-- Main -->
    <color name="main_fg_100">ffdedede</color>
    <color name="main_fg_90">e7dedede</color>
    <color name="main_fg_70">b3dedede</color>
    <color name="main_fg_30">4ddedede</color>
    <color name="main_fg_12">1fdedede</color>

    <color name="main_bg_100">ff181818</color>
    <color name="main_bg_90">e7181818</color>
    <color name="main_bg_70">b3181818</color>
    <color name="main_bg_30">4d181818</color>
    <color name="main_bg_12">1f181818</color>
    
    <!-- Background -->
    <color name="HomePanel">e7181818</color>
    <color name="Background">ff181818</color>
    <color name="PosterBack">ff454545</color>

</colors>
