{
  "id": "playpornx",
  "name": "PlayPornX",
  "active": true,
  "adult": true,
  "language": ["*"],
  "thumbnail": "https://s3.postimg.cc/3rkfrnypv/playpornx.png",
  "banner": "https://s3.postimg.cc/it5qa1gyb/playpornx-banner.png",
  "categories": [
    "adult"
  ],
  "settings": [
    {
      "id": "filter_languages",
      "type": "list",
      "label": "Mostrar enlaces en idioma...",
      "default": 0,
      "enabled": true,
      "visible": true,
      "lvalues": [
        "No filtrar"
      ]
    }
  ]
}