<?xml version='1.0' encoding='UTF-8'?>
<includes>
	<include name="skinshortcuts-mainmenu">
		<item id="1">
			<property name="id">$NUMBER[1]</property>
			<label>$LOCALIZE[31103]</label>
			<label2>Common Shortcut</label2>
			<icon>special://skin/extras/icons/livetv.png</icon>
			<thumb />
			<property name="labelID">31103</property>
			<property name="defaultID">livetv</property>
			<property name="widget">TVChannels</property>
			<property name="widget">19023</property>
			<property name="widgetName">19023</property>
			<property name="widgetPath">pvr://channels/tv/*?view=lastplayed</property>
			<property name="widgetTarget">pvr</property>
			<visible>[System.HasPVRAddon] + [PVR.HasTVChannels]</visible>
			<onclick>ActivateWindow(TVChannels)</onclick>
			<property name="path">ActivateWindow(TVChannels)</property>
			<property name="list">TVChannels</property>
			<visible>String.IsEqual(System.ProfileName,Master user)</visible>
			<property name="submenuVisibility">num-31103</property>
			<property name="group">mainmenu</property>
			<property name="hasSubmenu">True</property>
		</item>
		<item id="2">
			<property name="id">$NUMBER[2]</property>
			<label>$LOCALIZE[1036]</label>
			<label2>Ítem de menú Común</label2>
			<icon>special://skin/extras/icons/favourites.png</icon>
			<thumb />
			<property name="labelID">1036</property>
			<property name="defaultID">1036</property>
			<property name="translatedPath">ActivateWindow(Favourites)</property>
			<onclick>ActivateWindow(Favourites)</onclick>
			<property name="path">ActivateWindow(Favourites)</property>
			<property name="list">Favourites</property>
			<visible>String.IsEqual(System.ProfileName,Master user)</visible>
			<property name="submenuVisibility">num-1036</property>
			<property name="group">mainmenu</property>
			<property name="hasSubmenu">False</property>
		</item>
		<item id="3">
			<property name="id">$NUMBER[3]</property>
			<label>$LOCALIZE[24001]</label>
			<label2 />
			<icon>special://skin/extras/icons/addons.png</icon>
			<thumb />
			<property name="labelID">24001</property>
			<property name="defaultID">addons</property>
			<property name="widget">VideoAddons</property>
			<property name="widget">1037</property>
			<property name="widgetName">1037</property>
			<property name="widgetPath">addons://sources/video</property>
			<property name="widgetTarget">videos</property>
			<property name="WidgetSort">lastused</property>
			<property name="WidgetDirection">descending</property>
			<property name="widgetName.Widget1">$LOCALIZE[1038]</property>
			<property name="widgetPath.Widget1">addons://sources/audio</property>
			<property name="widgetTarget.Widget1">music</property>
			<property name="WidgetSort.Widget1">lastused</property>
			<property name="WidgetDirection.Widget1">descending</property>
			<property name="widgetName.Widget2">$LOCALIZE[1043]</property>
			<property name="widgetPath.Widget2">addons://sources/executable</property>
			<property name="widgetTarget.Widget2">programs</property>
			<property name="WidgetSort.Widget2">lastused</property>
			<property name="WidgetDirection.Widget2">descending</property>
			<onclick>ActivateWindow(AddonBrowser)</onclick>
			<property name="path">ActivateWindow(AddonBrowser)</property>
			<property name="list">AddonBrowser</property>
			<visible>String.IsEqual(System.ProfileName,Master user)</visible>
			<property name="submenuVisibility">num-24001</property>
			<property name="group">mainmenu</property>
			<property name="hasSubmenu">True</property>
		</item>
		<item id="4">
			<property name="id">$NUMBER[4]</property>
			<label>$LOCALIZE[5]</label>
			<label2>Common Shortcut</label2>
			<icon>special://skin/extras/icons/settings.png</icon>
			<thumb />
			<property name="labelID">5</property>
			<property name="defaultID">settings</property>
			<property name="widget">Settings</property>
			<property name="widgetName">5</property>
			<onclick>ActivateWindow(Settings)</onclick>
			<property name="path">ActivateWindow(Settings)</property>
			<property name="list">Settings</property>
			<visible>String.IsEqual(System.ProfileName,Master user)</visible>
			<property name="submenuVisibility">num-5</property>
			<property name="group">mainmenu</property>
			<property name="hasSubmenu">True</property>
		</item>
		<item id="5">
			<property name="id">$NUMBER[5]</property>
			<label>$LOCALIZE[33060]</label>
			<label2>Common Shortcut</label2>
			<icon>special://skin/extras/icons/power.png</icon>
			<thumb />
			<property name="labelID">33060</property>
			<property name="defaultID">power</property>
			<property name="widget">Weather</property>
			<property name="widgetName">8</property>
			<onclick>ActivateWindow(shutdownmenu)</onclick>
			<property name="path">ActivateWindow(shutdownmenu)</property>
			<property name="list">shutdownmenu</property>
			<visible>String.IsEqual(System.ProfileName,Master user)</visible>
			<property name="submenuVisibility">num-33060</property>
			<property name="group">mainmenu</property>
			<property name="hasSubmenu">False</property>
		</item>
	</include>
	<include />
	<include name="skinshortcuts-submenu">
		<item id="1">
			<property name="id">$NUMBER[1]</property>
			<property name="mainmenuid">1</property>
			<label>$LOCALIZE[19023]</label>
			<label2>$ADDON[script.skinshortcuts 32017]</label2>
			<icon>special://skin/extras/icons/tv.png</icon>
			<thumb />
			<property name="labelID">19023</property>
			<property name="defaultID">19023</property>
			<visible>[System.HasPVRAddon] + String.IsEqual(Container(300).ListItem.Property(submenuVisibility),num-31103)</visible>
			<onclick>ActivateWindow(TVChannels)</onclick>
			<property name="path">ActivateWindow(TVChannels)</property>
			<property name="list">TVChannels</property>
			<visible>String.IsEqual(System.ProfileName,Master user)</visible>
			<property name="group">31103</property>
			<property name="isSubmenu">True</property>
		</item>
		<item id="2">
			<property name="id">$NUMBER[2]</property>
			<property name="mainmenuid">1</property>
			<label>$LOCALIZE[22020]</label>
			<label2>$ADDON[script.skinshortcuts 32017]</label2>
			<icon>special://skin/extras/icons/tvguide.png</icon>
			<thumb />
			<property name="labelID">22020</property>
			<property name="defaultID">22020</property>
			<visible>[System.HasPVRAddon] + String.IsEqual(Container(300).ListItem.Property(submenuVisibility),num-31103)</visible>
			<onclick>ActivateWindow(TVGuide)</onclick>
			<property name="path">ActivateWindow(TVGuide)</property>
			<property name="list">TVGuide</property>
			<visible>String.IsEqual(System.ProfileName,Master user)</visible>
			<property name="group">31103</property>
			<property name="isSubmenu">True</property>
		</item>
		<item id="3">
			<property name="id">$NUMBER[3]</property>
			<property name="mainmenuid">1</property>
			<label>$LOCALIZE[19163]</label>
			<label2>$ADDON[script.skinshortcuts 32017]</label2>
			<icon>special://skin/extras/icons/bookmark-star.png</icon>
			<thumb />
			<property name="labelID">19163</property>
			<property name="defaultID">19163</property>
			<visible>[System.HasPVRAddon] + String.IsEqual(Container(300).ListItem.Property(submenuVisibility),num-31103)</visible>
			<onclick>ActivateWindow(TVRecordings)</onclick>
			<property name="path">ActivateWindow(TVRecordings)</property>
			<property name="list">TVRecordings</property>
			<visible>String.IsEqual(System.ProfileName,Master user)</visible>
			<property name="group">31103</property>
			<property name="isSubmenu">True</property>
		</item>
		<item id="4">
			<property name="id">$NUMBER[4]</property>
			<property name="mainmenuid">1</property>
			<label>$LOCALIZE[19040]</label>
			<label2>$ADDON[script.skinshortcuts 32017]</label2>
			<icon>special://skin/extras/icons/timer.png</icon>
			<thumb />
			<property name="labelID">19040</property>
			<property name="defaultID">19040</property>
			<visible>[System.HasPVRAddon] + String.IsEqual(Container(300).ListItem.Property(submenuVisibility),num-31103)</visible>
			<onclick>ActivateWindow(TVTimers)</onclick>
			<property name="path">ActivateWindow(TVTimers)</property>
			<property name="list">TVTimers</property>
			<visible>String.IsEqual(System.ProfileName,Master user)</visible>
			<property name="group">31103</property>
			<property name="isSubmenu">True</property>
		</item>
		<item id="5">
			<property name="id">$NUMBER[5]</property>
			<property name="mainmenuid">1</property>
			<label>$LOCALIZE[137]</label>
			<label2>$ADDON[script.skinshortcuts 32017]</label2>
			<icon>special://skin/extras/icons/search.png</icon>
			<thumb />
			<property name="labelID">137</property>
			<property name="defaultID">137</property>
			<visible>[System.HasPVRAddon] + String.IsEqual(Container(300).ListItem.Property(submenuVisibility),num-31103)</visible>
			<onclick>ActivateWindow(TVSearch)</onclick>
			<property name="path">ActivateWindow(TVSearch)</property>
			<property name="list">TVSearch</property>
			<visible>String.IsEqual(System.ProfileName,Master user)</visible>
			<property name="group">31103</property>
			<property name="isSubmenu">True</property>
		</item>
		<item id="1">
			<property name="id">$NUMBER[1]</property>
			<property name="mainmenuid">3</property>
			<label>$LOCALIZE[1037]</label>
			<label2 />
			<icon>special://skin/extras/icons/video-addons.png</icon>
			<thumb />
			<property name="labelID">1037</property>
			<property name="defaultID">1037</property>
			<onclick>ActivateWindow(Videos,addons://sources/video,return)</onclick>
			<property name="path">ActivateWindow(Videos,addons://sources/video,return)</property>
			<property name="list">addons://sources/video</property>
			<visible>[String.IsEqual(System.ProfileName,Master user)] + String.IsEqual(Container(300).ListItem.Property(submenuVisibility),num-24001)</visible>
			<property name="group">24001</property>
			<property name="isSubmenu">True</property>
		</item>
		<item id="2">
			<property name="id">$NUMBER[2]</property>
			<property name="mainmenuid">3</property>
			<label>$LOCALIZE[1038]</label>
			<label2 />
			<icon>special://skin/extras/icons/songs.png</icon>
			<thumb />
			<property name="labelID">1038</property>
			<property name="defaultID">1038</property>
			<onclick>ActivateWindow(Music,addons://sources/audio,return)</onclick>
			<property name="path">ActivateWindow(Music,addons://sources/audio,return)</property>
			<property name="list">addons://sources/audio</property>
			<visible>[String.IsEqual(System.ProfileName,Master user)] + String.IsEqual(Container(300).ListItem.Property(submenuVisibility),num-24001)</visible>
			<property name="group">24001</property>
			<property name="isSubmenu">True</property>
		</item>
		<item id="3">
			<property name="id">$NUMBER[3]</property>
			<property name="mainmenuid">3</property>
			<label>$LOCALIZE[1043]</label>
			<label2 />
			<icon>special://skin/extras/icons/addons.png</icon>
			<thumb />
			<property name="labelID">1043</property>
			<property name="defaultID">1043</property>
			<onclick>ActivateWindow(Programs,addons://sources/executable,return)</onclick>
			<property name="path">ActivateWindow(Programs,addons://sources/executable,return)</property>
			<property name="list">addons://sources/executable</property>
			<visible>[String.IsEqual(System.ProfileName,Master user)] + String.IsEqual(Container(300).ListItem.Property(submenuVisibility),num-24001)</visible>
			<property name="group">24001</property>
			<property name="isSubmenu">True</property>
		</item>
		<item id="4">
			<property name="id">$NUMBER[4]</property>
			<property name="mainmenuid">3</property>
			<label>$LOCALIZE[1039]</label>
			<label2 />
			<icon>special://skin/extras/icons/pictures.png</icon>
			<thumb />
			<property name="labelID">1039</property>
			<property name="defaultID">1039</property>
			<onclick>ActivateWindow(Pictures,addons://sources/image,return)</onclick>
			<property name="path">ActivateWindow(Pictures,addons://sources/image,return)</property>
			<property name="list">addons://sources/image</property>
			<visible>[String.IsEqual(System.ProfileName,Master user)] + String.IsEqual(Container(300).ListItem.Property(submenuVisibility),num-24001)</visible>
			<property name="group">24001</property>
			<property name="isSubmenu">True</property>
		</item>
		<item id="5">
			<property name="id">$NUMBER[5]</property>
			<property name="mainmenuid">3</property>
			<label>$LOCALIZE[24032]</label>
			<label2 />
			<icon>special://skin/extras/icons/database.png</icon>
			<thumb />
			<property name="labelID">24032</property>
			<property name="defaultID">24032</property>
			<onclick>ActivateWindow(AddonBrowser,addons://user/all,return)</onclick>
			<property name="path">ActivateWindow(AddonBrowser,addons://user/all,return)</property>
			<property name="list">addons://user/all</property>
			<visible>[String.IsEqual(System.ProfileName,Master user)] + String.IsEqual(Container(300).ListItem.Property(submenuVisibility),num-24001)</visible>
			<property name="group">24001</property>
			<property name="isSubmenu">True</property>
		</item>
		<item id="6">
			<property name="id">$NUMBER[6]</property>
			<property name="mainmenuid">3</property>
			<label>$LOCALIZE[8]</label>
			<label2 />
			<icon>special://skin/extras/icons/sun.png</icon>
			<thumb />
			<property name="labelID">8</property>
			<property name="defaultID">8</property>
			<visible>[!String.IsEmpty(Weather.Plugin)] + String.IsEqual(Container(300).ListItem.Property(submenuVisibility),num-24001)</visible>
			<onclick>ActivateWindow(Weather)</onclick>
			<property name="path">ActivateWindow(Weather)</property>
			<property name="list">Weather</property>
			<visible>String.IsEqual(System.ProfileName,Master user)</visible>
			<property name="group">24001</property>
			<property name="isSubmenu">True</property>
		</item>
		<item id="1">
			<property name="id">$NUMBER[1]</property>
			<property name="mainmenuid">4</property>
			<label>$LOCALIZE[7]</label>
			<label2>$ADDON[script.skinshortcuts 32034]</label2>
			<icon>special://skin/extras/icons/folder.png</icon>
			<thumb />
			<property name="labelID">7</property>
			<property name="defaultID">7</property>
			<onclick>ActivateWindow(FileManager)</onclick>
			<property name="path">ActivateWindow(FileManager)</property>
			<property name="list">FileManager</property>
			<visible>[String.IsEqual(System.ProfileName,Master user)] + String.IsEqual(Container(300).ListItem.Property(submenuVisibility),num-5)</visible>
			<property name="group">5</property>
			<property name="isSubmenu">True</property>
		</item>
		<item id="2">
			<property name="id">$NUMBER[2]</property>
			<property name="mainmenuid">4</property>
			<label>$LOCALIZE[13200]</label>
			<label2>$ADDON[script.skinshortcuts 32034]</label2>
			<icon>special://skin/extras/icons/actor.png</icon>
			<thumb />
			<property name="labelID">13200</property>
			<property name="defaultID">13200</property>
			<onclick>ActivateWindow(Profiles)</onclick>
			<property name="path">ActivateWindow(Profiles)</property>
			<property name="list">Profiles</property>
			<visible>[String.IsEqual(System.ProfileName,Master user)] + String.IsEqual(Container(300).ListItem.Property(submenuVisibility),num-5)</visible>
			<property name="group">5</property>
			<property name="isSubmenu">True</property>
		</item>
		<item id="3">
			<property name="id">$NUMBER[3]</property>
			<property name="mainmenuid">4</property>
			<label>$LOCALIZE[10007]</label>
			<label2>$ADDON[script.skinshortcuts 32034]</label2>
			<icon>special://skin/extras/icons/sysinfo.png</icon>
			<thumb />
			<property name="labelID">10007</property>
			<property name="defaultID">10007</property>
			<onclick>ActivateWindow(SystemInfo)</onclick>
			<property name="path">ActivateWindow(SystemInfo)</property>
			<property name="list">SystemInfo</property>
			<visible>[String.IsEqual(System.ProfileName,Master user)] + String.IsEqual(Container(300).ListItem.Property(submenuVisibility),num-5)</visible>
			<property name="group">5</property>
			<property name="isSubmenu">True</property>
		</item>
		<item id="4">
			<property name="id">$NUMBER[4]</property>
			<property name="mainmenuid">4</property>
			<label>$LOCALIZE[14111]</label>
			<label2>$ADDON[script.skinshortcuts 32034]</label2>
			<icon>special://skin/extras/icons/actor.png</icon>
			<thumb />
			<property name="labelID">14111</property>
			<property name="defaultID">14111</property>
			<visible>[system.getbool(eventlog.enabled)] + String.IsEqual(Container(300).ListItem.Property(submenuVisibility),num-5)</visible>
			<onclick>ActivateWindow(EventLog,events://,return)</onclick>
			<property name="path">ActivateWindow(EventLog,events://,return)</property>
			<property name="list">events://</property>
			<visible>String.IsEqual(System.ProfileName,Master user)</visible>
			<property name="group">5</property>
			<property name="isSubmenu">True</property>
		</item>
		<item id="1">
			<property name="id">$NUMBER[1]</property>
			<property name="mainmenuid">6</property>
			<label>$LOCALIZE[20183]</label>
			<label2>Power Menu Shortcut</label2>
			<icon>special://skin/extras/icons/power.png</icon>
			<thumb />
			<property name="labelID">20183</property>
			<property name="defaultID">20183</property>
			<onclick condition="Window.IsActive(DialogButtonMenu.xml)">Close</onclick>
			<onclick>ReloadSkin()</onclick>
			<property name="path">ReloadSkin()</property>
			<property name="list">ReloadSkin()</property>
			<visible>[String.IsEqual(System.ProfileName,Master user)] + String.IsEqual(Container(300).ListItem.Property(submenuVisibility),powermenu)</visible>
			<property name="group">powermenu</property>
			<property name="isSubmenu">True</property>
		</item>
		<item id="2">
			<property name="id">$NUMBER[2]</property>
			<property name="mainmenuid">6</property>
			<label>$LOCALIZE[13014]</label>
			<label2>Comando de Kodi</label2>
			<icon>special://skin/extras/icons/sort-up.png</icon>
			<thumb />
			<property name="labelID">13014</property>
			<property name="defaultID">13014</property>
			<property name="translatedPath">Minimize</property>
			<onclick condition="Window.IsActive(DialogButtonMenu.xml)">Close</onclick>
			<onclick>Minimize</onclick>
			<property name="path">Minimize</property>
			<property name="list">Minimize</property>
			<visible>[String.IsEqual(System.ProfileName,Master user)] + String.IsEqual(Container(300).ListItem.Property(submenuVisibility),powermenu)</visible>
			<property name="group">powermenu</property>
			<property name="isSubmenu">True</property>
		</item>
		<item id="3">
			<property name="id">$NUMBER[3]</property>
			<property name="mainmenuid">6</property>
			<label>$LOCALIZE[13012]</label>
			<label2>Power Menu Shortcut</label2>
			<icon>special://skin/extras/icons/power.png</icon>
			<thumb />
			<property name="labelID">13012</property>
			<property name="defaultID">13012</property>
			<visible>[System.ShowExitButton] + String.IsEqual(Container(300).ListItem.Property(submenuVisibility),powermenu)</visible>
			<onclick condition="Window.IsActive(DialogButtonMenu.xml)">Close</onclick>
			<onclick>XBMC.Quit()</onclick>
			<property name="path">XBMC.Quit()</property>
			<property name="list">XBMC.Quit()</property>
			<visible>String.IsEqual(System.ProfileName,Master user)</visible>
			<property name="group">powermenu</property>
			<property name="isSubmenu">True</property>
		</item>
		<item id="4">
			<property name="id">$NUMBER[4]</property>
			<property name="mainmenuid">6</property>
			<label>$LOCALIZE[13016]</label>
			<label2>Power Menu Shortcut</label2>
			<icon>special://skin/extras/icons/power.png</icon>
			<thumb />
			<property name="labelID">13016</property>
			<property name="defaultID">13016</property>
			<visible>[System.CanPowerDown] + String.IsEqual(Container(300).ListItem.Property(submenuVisibility),powermenu)</visible>
			<onclick condition="Window.IsActive(DialogButtonMenu.xml)">Close</onclick>
			<onclick>XBMC.Powerdown()</onclick>
			<property name="path">XBMC.Powerdown()</property>
			<property name="list">XBMC.Powerdown()</property>
			<visible>String.IsEqual(System.ProfileName,Master user)</visible>
			<property name="group">powermenu</property>
			<property name="isSubmenu">True</property>
		</item>
		<item id="5">
			<property name="id">$NUMBER[5]</property>
			<property name="mainmenuid">6</property>
			<label>$LOCALIZE[13011]</label>
			<label2>Power Menu Shortcut</label2>
			<icon>special://skin/extras/icons/power.png</icon>
			<thumb />
			<property name="labelID">13011</property>
			<property name="defaultID">13011</property>
			<visible>[System.CanSuspend] + String.IsEqual(Container(300).ListItem.Property(submenuVisibility),powermenu)</visible>
			<onclick condition="Window.IsActive(DialogButtonMenu.xml)">Close</onclick>
			<onclick>XBMC.Suspend()</onclick>
			<property name="path">XBMC.Suspend()</property>
			<property name="list">XBMC.Suspend()</property>
			<visible>String.IsEqual(System.ProfileName,Master user)</visible>
			<property name="group">powermenu</property>
			<property name="isSubmenu">True</property>
		</item>
		<item id="6">
			<property name="id">$NUMBER[6]</property>
			<property name="mainmenuid">6</property>
			<label>$LOCALIZE[13010]</label>
			<label2>Power Menu Shortcut</label2>
			<icon>special://skin/extras/icons/power.png</icon>
			<thumb />
			<property name="labelID">13010</property>
			<property name="defaultID">13010</property>
			<visible>[System.CanHibernate] + String.IsEqual(Container(300).ListItem.Property(submenuVisibility),powermenu)</visible>
			<onclick condition="Window.IsActive(DialogButtonMenu.xml)">Close</onclick>
			<onclick>XBMC.Hibernate()</onclick>
			<property name="path">XBMC.Hibernate()</property>
			<property name="list">XBMC.Hibernate()</property>
			<visible>String.IsEqual(System.ProfileName,Master user)</visible>
			<property name="group">powermenu</property>
			<property name="isSubmenu">True</property>
		</item>
		<item id="7">
			<property name="id">$NUMBER[7]</property>
			<property name="mainmenuid">6</property>
			<label>$LOCALIZE[13013]</label>
			<label2>Power Menu Shortcut</label2>
			<icon>special://skin/extras/icons/power.png</icon>
			<thumb />
			<property name="labelID">13013</property>
			<property name="defaultID">13013</property>
			<visible>[System.CanReboot] + String.IsEqual(Container(300).ListItem.Property(submenuVisibility),powermenu)</visible>
			<onclick condition="Window.IsActive(DialogButtonMenu.xml)">Close</onclick>
			<onclick>XBMC.Reset()</onclick>
			<property name="path">XBMC.Reset()</property>
			<property name="list">XBMC.Reset()</property>
			<visible>String.IsEqual(System.ProfileName,Master user)</visible>
			<property name="group">powermenu</property>
			<property name="isSubmenu">True</property>
		</item>
		<item id="8">
			<property name="id">$NUMBER[8]</property>
			<property name="mainmenuid">6</property>
			<label>$LOCALIZE[20126]</label>
			<label2>Power Menu Shortcut</label2>
			<icon>special://skin/extras/icons/power.png</icon>
			<thumb />
			<property name="labelID">20126</property>
			<property name="defaultID">20126</property>
			<visible>[System.HasLoginScreen | IntegerGreaterThan(System.ProfileCount,1)] + String.IsEqual(Container(300).ListItem.Property(submenuVisibility),powermenu)</visible>
			<onclick condition="Window.IsActive(DialogButtonMenu.xml)">Close</onclick>
			<onclick>dialog.close(all,true)</onclick>
			<property name="path">dialog.close(all,true)</property>
			<property name="list">dialog.close(all,true)</property>
			<visible>String.IsEqual(System.ProfileName,Master user)</visible>
			<property name="group">powermenu</property>
			<property name="isSubmenu">True</property>
		</item>
		<item id="9">
			<property name="id">$NUMBER[9]</property>
			<property name="mainmenuid">6</property>
			<label>$LOCALIZE[20046]</label>
			<label2>Power Menu Shortcut</label2>
			<icon>special://skin/extras/icons/power.png</icon>
			<thumb />
			<property name="labelID">20046</property>
			<property name="defaultID">20046</property>
			<visible>[System.HasLocks] + String.IsEqual(Container(300).ListItem.Property(submenuVisibility),powermenu)</visible>
			<onclick condition="Window.IsActive(DialogButtonMenu.xml)">Close</onclick>
			<onclick>xbmc.mastermode</onclick>
			<property name="path">xbmc.mastermode</property>
			<property name="list">xbmc.mastermode</property>
			<visible>String.IsEqual(System.ProfileName,Master user)</visible>
			<property name="group">powermenu</property>
			<property name="isSubmenu">True</property>
		</item>
		<item id="10">
			<property name="id">$NUMBER[10]</property>
			<property name="mainmenuid">6</property>
			<label>$LOCALIZE[13017]</label>
			<label2>Power Menu Shortcut</label2>
			<icon>special://skin/extras/icons/power.png</icon>
			<thumb />
			<property name="labelID">13017</property>
			<property name="defaultID">13017</property>
			<visible>[System.HasShutdown +!System.IsInhibit] + String.IsEqual(Container(300).ListItem.Property(submenuVisibility),powermenu)</visible>
			<onclick condition="Window.IsActive(DialogButtonMenu.xml)">Close</onclick>
			<onclick>XBMC.InhibitIdleShutdown(true)</onclick>
			<property name="path">XBMC.InhibitIdleShutdown(true)</property>
			<property name="list">XBMC.InhibitIdleShutdown(true)</property>
			<visible>String.IsEqual(System.ProfileName,Master user)</visible>
			<property name="group">powermenu</property>
			<property name="isSubmenu">True</property>
		</item>
		<item id="11">
			<property name="id">$NUMBER[11]</property>
			<property name="mainmenuid">6</property>
			<label>$LOCALIZE[13018]</label>
			<label2>Power Menu Shortcut</label2>
			<icon>special://skin/extras/icons/power.png</icon>
			<thumb />
			<property name="labelID">13018</property>
			<property name="defaultID">13018</property>
			<visible>[System.HasShutdown + System.IsInhibit] + String.IsEqual(Container(300).ListItem.Property(submenuVisibility),powermenu)</visible>
			<onclick condition="Window.IsActive(DialogButtonMenu.xml)">Close</onclick>
			<onclick>XBMC.InhibitIdleShutdown(false)</onclick>
			<property name="path">XBMC.InhibitIdleShutdown(false)</property>
			<property name="list">XBMC.InhibitIdleShutdown(false)</property>
			<visible>String.IsEqual(System.ProfileName,Master user)</visible>
			<property name="group">powermenu</property>
			<property name="isSubmenu">True</property>
		</item>
		<item id="12">
			<property name="id">$NUMBER[12]</property>
			<property name="mainmenuid">6</property>
			<label>$LOCALIZE[20150]</label>
			<label2>Power Menu Shortcut</label2>
			<icon>special://skin/extras/icons/power.png</icon>
			<thumb />
			<property name="labelID">20150</property>
			<property name="defaultID">20150</property>
			<visible>[!System.HasAlarm(shutdowntimer)] + String.IsEqual(Container(300).ListItem.Property(submenuVisibility),powermenu)</visible>
			<onclick condition="Window.IsActive(DialogButtonMenu.xml)">Close</onclick>
			<onclick>XBMC.AlarmClock(shutdowntimer,XBMC.Shutdown())</onclick>
			<property name="path">XBMC.AlarmClock(shutdowntimer,XBMC.Shutdown())</property>
			<property name="list">XBMC.AlarmClock(shutdowntimer,XBMC.Shutdown())</property>
			<visible>String.IsEqual(System.ProfileName,Master user)</visible>
			<property name="group">powermenu</property>
			<property name="isSubmenu">True</property>
		</item>
		<item id="13">
			<property name="id">$NUMBER[13]</property>
			<property name="mainmenuid">6</property>
			<label>$LOCALIZE[20151]</label>
			<label2>Power Menu Shortcut</label2>
			<icon>special://skin/extras/icons/power.png</icon>
			<thumb />
			<property name="labelID">20151</property>
			<property name="defaultID">20151</property>
			<visible>[System.HasAlarm(shutdowntimer)] + String.IsEqual(Container(300).ListItem.Property(submenuVisibility),powermenu)</visible>
			<onclick condition="Window.IsActive(DialogButtonMenu.xml)">Close</onclick>
			<onclick>XBMC.CancelAlarm(shutdowntimer)</onclick>
			<property name="path">XBMC.CancelAlarm(shutdowntimer)</property>
			<property name="list">XBMC.CancelAlarm(shutdowntimer)</property>
			<visible>String.IsEqual(System.ProfileName,Master user)</visible>
			<property name="group">powermenu</property>
			<property name="isSubmenu">True</property>
		</item>
		<item id="14">
			<property name="id">$NUMBER[14]</property>
			<property name="mainmenuid">6</property>
			<label>$LOCALIZE[5]</label>
			<label2>Power Menu Shortcut</label2>
			<icon>special://skin/extras/icons/power.png</icon>
			<thumb />
			<property name="labelID">5</property>
			<property name="defaultID">5</property>
			<onclick condition="Window.IsActive(DialogButtonMenu.xml)">Close</onclick>
			<onclick>ActivateWindow(Settings)</onclick>
			<property name="path">ActivateWindow(Settings)</property>
			<property name="list">Settings</property>
			<visible>[String.IsEqual(System.ProfileName,Master user)] + String.IsEqual(Container(300).ListItem.Property(submenuVisibility),powermenu)</visible>
			<property name="group">powermenu</property>
			<property name="isSubmenu">True</property>
		</item>
	</include>
	<include name="skinshortcuts-allmenus">
		<item id="1">
			<property name="id">$NUMBER[1]</property>
			<label>$LOCALIZE[31103]</label>
			<label2>Common Shortcut</label2>
			<icon>special://skin/extras/icons/livetv.png</icon>
			<thumb />
			<property name="labelID">31103</property>
			<property name="defaultID">livetv</property>
			<property name="widget">TVChannels</property>
			<property name="widget">19023</property>
			<property name="widgetName">19023</property>
			<property name="widgetPath">pvr://channels/tv/*?view=lastplayed</property>
			<property name="widgetTarget">pvr</property>
			<visible>[System.HasPVRAddon] + [PVR.HasTVChannels]</visible>
			<onclick condition="String.IsEqual(Window(10000).Property(submenuVisibility),num-31103)">ActivateWindow(TVChannels)</onclick>
			<property name="path">ActivateWindow(TVChannels)</property>
			<property name="list">TVChannels</property>
			<visible>String.IsEqual(System.ProfileName,Master user)</visible>
			<property name="submenuVisibility">num-31103</property>
			<property name="group">mainmenu</property>
			<property name="hasSubmenu">True</property>
			<onclick>SetProperty(submenuVisibility,num-31103,10000)</onclick>
		</item>
		<item id="1">
			<property name="id">$NUMBER[1]</property>
			<property name="mainmenuid">1</property>
			<label>$LOCALIZE[19023]</label>
			<label2>$ADDON[script.skinshortcuts 32017]</label2>
			<icon>special://skin/extras/icons/tv.png</icon>
			<thumb />
			<property name="labelID">19023</property>
			<property name="defaultID">19023</property>
			<visible>[System.HasPVRAddon] + String.IsEqual(Window(10000).Property(submenuVisibility),num-31103)</visible>
			<onclick>ActivateWindow(TVChannels)</onclick>
			<property name="path">ActivateWindow(TVChannels)</property>
			<property name="list">TVChannels</property>
			<visible>String.IsEqual(System.ProfileName,Master user)</visible>
			<property name="group">31103</property>
			<property name="isSubmenu">True</property>
			<property name="submenuVisibility">num-31103</property>
		</item>
		<item id="2">
			<property name="id">$NUMBER[2]</property>
			<property name="mainmenuid">1</property>
			<label>$LOCALIZE[22020]</label>
			<label2>$ADDON[script.skinshortcuts 32017]</label2>
			<icon>special://skin/extras/icons/tvguide.png</icon>
			<thumb />
			<property name="labelID">22020</property>
			<property name="defaultID">22020</property>
			<visible>[System.HasPVRAddon] + String.IsEqual(Window(10000).Property(submenuVisibility),num-31103)</visible>
			<onclick>ActivateWindow(TVGuide)</onclick>
			<property name="path">ActivateWindow(TVGuide)</property>
			<property name="list">TVGuide</property>
			<visible>String.IsEqual(System.ProfileName,Master user)</visible>
			<property name="group">31103</property>
			<property name="isSubmenu">True</property>
			<property name="submenuVisibility">num-31103</property>
		</item>
		<item id="3">
			<property name="id">$NUMBER[3]</property>
			<property name="mainmenuid">1</property>
			<label>$LOCALIZE[19163]</label>
			<label2>$ADDON[script.skinshortcuts 32017]</label2>
			<icon>special://skin/extras/icons/bookmark-star.png</icon>
			<thumb />
			<property name="labelID">19163</property>
			<property name="defaultID">19163</property>
			<visible>[System.HasPVRAddon] + String.IsEqual(Window(10000).Property(submenuVisibility),num-31103)</visible>
			<onclick>ActivateWindow(TVRecordings)</onclick>
			<property name="path">ActivateWindow(TVRecordings)</property>
			<property name="list">TVRecordings</property>
			<visible>String.IsEqual(System.ProfileName,Master user)</visible>
			<property name="group">31103</property>
			<property name="isSubmenu">True</property>
			<property name="submenuVisibility">num-31103</property>
		</item>
		<item id="4">
			<property name="id">$NUMBER[4]</property>
			<property name="mainmenuid">1</property>
			<label>$LOCALIZE[19040]</label>
			<label2>$ADDON[script.skinshortcuts 32017]</label2>
			<icon>special://skin/extras/icons/timer.png</icon>
			<thumb />
			<property name="labelID">19040</property>
			<property name="defaultID">19040</property>
			<visible>[System.HasPVRAddon] + String.IsEqual(Window(10000).Property(submenuVisibility),num-31103)</visible>
			<onclick>ActivateWindow(TVTimers)</onclick>
			<property name="path">ActivateWindow(TVTimers)</property>
			<property name="list">TVTimers</property>
			<visible>String.IsEqual(System.ProfileName,Master user)</visible>
			<property name="group">31103</property>
			<property name="isSubmenu">True</property>
			<property name="submenuVisibility">num-31103</property>
		</item>
		<item id="5">
			<property name="id">$NUMBER[5]</property>
			<property name="mainmenuid">1</property>
			<label>$LOCALIZE[137]</label>
			<label2>$ADDON[script.skinshortcuts 32017]</label2>
			<icon>special://skin/extras/icons/search.png</icon>
			<thumb />
			<property name="labelID">137</property>
			<property name="defaultID">137</property>
			<visible>[System.HasPVRAddon] + String.IsEqual(Window(10000).Property(submenuVisibility),num-31103)</visible>
			<onclick>ActivateWindow(TVSearch)</onclick>
			<property name="path">ActivateWindow(TVSearch)</property>
			<property name="list">TVSearch</property>
			<visible>String.IsEqual(System.ProfileName,Master user)</visible>
			<property name="group">31103</property>
			<property name="isSubmenu">True</property>
			<property name="submenuVisibility">num-31103</property>
		</item>
		<item id="2">
			<property name="id">$NUMBER[2]</property>
			<label>$LOCALIZE[1036]</label>
			<label2>Ítem de menú Común</label2>
			<icon>special://skin/extras/icons/favourites.png</icon>
			<thumb />
			<property name="labelID">1036</property>
			<property name="defaultID">1036</property>
			<property name="translatedPath">ActivateWindow(Favourites)</property>
			<onclick>ActivateWindow(Favourites)</onclick>
			<property name="path">ActivateWindow(Favourites)</property>
			<property name="list">Favourites</property>
			<visible>String.IsEqual(System.ProfileName,Master user)</visible>
			<property name="submenuVisibility">num-1036</property>
			<property name="group">mainmenu</property>
			<property name="hasSubmenu">False</property>
		</item>
		<item id="3">
			<property name="id">$NUMBER[3]</property>
			<label>$LOCALIZE[24001]</label>
			<label2 />
			<icon>special://skin/extras/icons/addons.png</icon>
			<thumb />
			<property name="labelID">24001</property>
			<property name="defaultID">addons</property>
			<property name="widget">VideoAddons</property>
			<property name="widget">1037</property>
			<property name="widgetName">1037</property>
			<property name="widgetPath">addons://sources/video</property>
			<property name="widgetTarget">videos</property>
			<property name="WidgetSort">lastused</property>
			<property name="WidgetDirection">descending</property>
			<property name="widgetName.Widget1">$LOCALIZE[1038]</property>
			<property name="widgetPath.Widget1">addons://sources/audio</property>
			<property name="widgetTarget.Widget1">music</property>
			<property name="WidgetSort.Widget1">lastused</property>
			<property name="WidgetDirection.Widget1">descending</property>
			<property name="widgetName.Widget2">$LOCALIZE[1043]</property>
			<property name="widgetPath.Widget2">addons://sources/executable</property>
			<property name="widgetTarget.Widget2">programs</property>
			<property name="WidgetSort.Widget2">lastused</property>
			<property name="WidgetDirection.Widget2">descending</property>
			<onclick condition="String.IsEqual(Window(10000).Property(submenuVisibility),num-24001)">ActivateWindow(AddonBrowser)</onclick>
			<property name="path">ActivateWindow(AddonBrowser)</property>
			<property name="list">AddonBrowser</property>
			<visible>String.IsEqual(System.ProfileName,Master user)</visible>
			<property name="submenuVisibility">num-24001</property>
			<property name="group">mainmenu</property>
			<property name="hasSubmenu">True</property>
			<onclick>SetProperty(submenuVisibility,num-24001,10000)</onclick>
		</item>
		<item id="1">
			<property name="id">$NUMBER[1]</property>
			<property name="mainmenuid">3</property>
			<label>$LOCALIZE[1037]</label>
			<label2 />
			<icon>special://skin/extras/icons/video-addons.png</icon>
			<thumb />
			<property name="labelID">1037</property>
			<property name="defaultID">1037</property>
			<onclick>ActivateWindow(Videos,addons://sources/video,return)</onclick>
			<property name="path">ActivateWindow(Videos,addons://sources/video,return)</property>
			<property name="list">addons://sources/video</property>
			<visible>[String.IsEqual(System.ProfileName,Master user)] + String.IsEqual(Window(10000).Property(submenuVisibility),num-24001)</visible>
			<property name="group">24001</property>
			<property name="isSubmenu">True</property>
			<property name="submenuVisibility">num-24001</property>
		</item>
		<item id="2">
			<property name="id">$NUMBER[2]</property>
			<property name="mainmenuid">3</property>
			<label>$LOCALIZE[1038]</label>
			<label2 />
			<icon>special://skin/extras/icons/songs.png</icon>
			<thumb />
			<property name="labelID">1038</property>
			<property name="defaultID">1038</property>
			<onclick>ActivateWindow(Music,addons://sources/audio,return)</onclick>
			<property name="path">ActivateWindow(Music,addons://sources/audio,return)</property>
			<property name="list">addons://sources/audio</property>
			<visible>[String.IsEqual(System.ProfileName,Master user)] + String.IsEqual(Window(10000).Property(submenuVisibility),num-24001)</visible>
			<property name="group">24001</property>
			<property name="isSubmenu">True</property>
			<property name="submenuVisibility">num-24001</property>
		</item>
		<item id="3">
			<property name="id">$NUMBER[3]</property>
			<property name="mainmenuid">3</property>
			<label>$LOCALIZE[1043]</label>
			<label2 />
			<icon>special://skin/extras/icons/addons.png</icon>
			<thumb />
			<property name="labelID">1043</property>
			<property name="defaultID">1043</property>
			<onclick>ActivateWindow(Programs,addons://sources/executable,return)</onclick>
			<property name="path">ActivateWindow(Programs,addons://sources/executable,return)</property>
			<property name="list">addons://sources/executable</property>
			<visible>[String.IsEqual(System.ProfileName,Master user)] + String.IsEqual(Window(10000).Property(submenuVisibility),num-24001)</visible>
			<property name="group">24001</property>
			<property name="isSubmenu">True</property>
			<property name="submenuVisibility">num-24001</property>
		</item>
		<item id="4">
			<property name="id">$NUMBER[4]</property>
			<property name="mainmenuid">3</property>
			<label>$LOCALIZE[1039]</label>
			<label2 />
			<icon>special://skin/extras/icons/pictures.png</icon>
			<thumb />
			<property name="labelID">1039</property>
			<property name="defaultID">1039</property>
			<onclick>ActivateWindow(Pictures,addons://sources/image,return)</onclick>
			<property name="path">ActivateWindow(Pictures,addons://sources/image,return)</property>
			<property name="list">addons://sources/image</property>
			<visible>[String.IsEqual(System.ProfileName,Master user)] + String.IsEqual(Window(10000).Property(submenuVisibility),num-24001)</visible>
			<property name="group">24001</property>
			<property name="isSubmenu">True</property>
			<property name="submenuVisibility">num-24001</property>
		</item>
		<item id="5">
			<property name="id">$NUMBER[5]</property>
			<property name="mainmenuid">3</property>
			<label>$LOCALIZE[24032]</label>
			<label2 />
			<icon>special://skin/extras/icons/database.png</icon>
			<thumb />
			<property name="labelID">24032</property>
			<property name="defaultID">24032</property>
			<onclick>ActivateWindow(AddonBrowser,addons://user/all,return)</onclick>
			<property name="path">ActivateWindow(AddonBrowser,addons://user/all,return)</property>
			<property name="list">addons://user/all</property>
			<visible>[String.IsEqual(System.ProfileName,Master user)] + String.IsEqual(Window(10000).Property(submenuVisibility),num-24001)</visible>
			<property name="group">24001</property>
			<property name="isSubmenu">True</property>
			<property name="submenuVisibility">num-24001</property>
		</item>
		<item id="6">
			<property name="id">$NUMBER[6]</property>
			<property name="mainmenuid">3</property>
			<label>$LOCALIZE[8]</label>
			<label2 />
			<icon>special://skin/extras/icons/sun.png</icon>
			<thumb />
			<property name="labelID">8</property>
			<property name="defaultID">8</property>
			<visible>[!String.IsEmpty(Weather.Plugin)] + String.IsEqual(Window(10000).Property(submenuVisibility),num-24001)</visible>
			<onclick>ActivateWindow(Weather)</onclick>
			<property name="path">ActivateWindow(Weather)</property>
			<property name="list">Weather</property>
			<visible>String.IsEqual(System.ProfileName,Master user)</visible>
			<property name="group">24001</property>
			<property name="isSubmenu">True</property>
			<property name="submenuVisibility">num-24001</property>
		</item>
		<item id="4">
			<property name="id">$NUMBER[4]</property>
			<label>$LOCALIZE[5]</label>
			<label2>Common Shortcut</label2>
			<icon>special://skin/extras/icons/settings.png</icon>
			<thumb />
			<property name="labelID">5</property>
			<property name="defaultID">settings</property>
			<property name="widget">Settings</property>
			<property name="widgetName">5</property>
			<onclick condition="String.IsEqual(Window(10000).Property(submenuVisibility),num-5)">ActivateWindow(Settings)</onclick>
			<property name="path">ActivateWindow(Settings)</property>
			<property name="list">Settings</property>
			<visible>String.IsEqual(System.ProfileName,Master user)</visible>
			<property name="submenuVisibility">num-5</property>
			<property name="group">mainmenu</property>
			<property name="hasSubmenu">True</property>
			<onclick>SetProperty(submenuVisibility,num-5,10000)</onclick>
		</item>
		<item id="1">
			<property name="id">$NUMBER[1]</property>
			<property name="mainmenuid">4</property>
			<label>$LOCALIZE[7]</label>
			<label2>$ADDON[script.skinshortcuts 32034]</label2>
			<icon>special://skin/extras/icons/folder.png</icon>
			<thumb />
			<property name="labelID">7</property>
			<property name="defaultID">7</property>
			<onclick>ActivateWindow(FileManager)</onclick>
			<property name="path">ActivateWindow(FileManager)</property>
			<property name="list">FileManager</property>
			<visible>[String.IsEqual(System.ProfileName,Master user)] + String.IsEqual(Window(10000).Property(submenuVisibility),num-5)</visible>
			<property name="group">5</property>
			<property name="isSubmenu">True</property>
			<property name="submenuVisibility">num-5</property>
		</item>
		<item id="2">
			<property name="id">$NUMBER[2]</property>
			<property name="mainmenuid">4</property>
			<label>$LOCALIZE[13200]</label>
			<label2>$ADDON[script.skinshortcuts 32034]</label2>
			<icon>special://skin/extras/icons/actor.png</icon>
			<thumb />
			<property name="labelID">13200</property>
			<property name="defaultID">13200</property>
			<onclick>ActivateWindow(Profiles)</onclick>
			<property name="path">ActivateWindow(Profiles)</property>
			<property name="list">Profiles</property>
			<visible>[String.IsEqual(System.ProfileName,Master user)] + String.IsEqual(Window(10000).Property(submenuVisibility),num-5)</visible>
			<property name="group">5</property>
			<property name="isSubmenu">True</property>
			<property name="submenuVisibility">num-5</property>
		</item>
		<item id="3">
			<property name="id">$NUMBER[3]</property>
			<property name="mainmenuid">4</property>
			<label>$LOCALIZE[10007]</label>
			<label2>$ADDON[script.skinshortcuts 32034]</label2>
			<icon>special://skin/extras/icons/sysinfo.png</icon>
			<thumb />
			<property name="labelID">10007</property>
			<property name="defaultID">10007</property>
			<onclick>ActivateWindow(SystemInfo)</onclick>
			<property name="path">ActivateWindow(SystemInfo)</property>
			<property name="list">SystemInfo</property>
			<visible>[String.IsEqual(System.ProfileName,Master user)] + String.IsEqual(Window(10000).Property(submenuVisibility),num-5)</visible>
			<property name="group">5</property>
			<property name="isSubmenu">True</property>
			<property name="submenuVisibility">num-5</property>
		</item>
		<item id="4">
			<property name="id">$NUMBER[4]</property>
			<property name="mainmenuid">4</property>
			<label>$LOCALIZE[14111]</label>
			<label2>$ADDON[script.skinshortcuts 32034]</label2>
			<icon>special://skin/extras/icons/actor.png</icon>
			<thumb />
			<property name="labelID">14111</property>
			<property name="defaultID">14111</property>
			<visible>[system.getbool(eventlog.enabled)] + String.IsEqual(Window(10000).Property(submenuVisibility),num-5)</visible>
			<onclick>ActivateWindow(EventLog,events://,return)</onclick>
			<property name="path">ActivateWindow(EventLog,events://,return)</property>
			<property name="list">events://</property>
			<visible>String.IsEqual(System.ProfileName,Master user)</visible>
			<property name="group">5</property>
			<property name="isSubmenu">True</property>
			<property name="submenuVisibility">num-5</property>
		</item>
		<item id="5">
			<property name="id">$NUMBER[5]</property>
			<label>$LOCALIZE[33060]</label>
			<label2>Common Shortcut</label2>
			<icon>special://skin/extras/icons/power.png</icon>
			<thumb />
			<property name="labelID">33060</property>
			<property name="defaultID">power</property>
			<property name="widget">Weather</property>
			<property name="widgetName">8</property>
			<onclick>ActivateWindow(shutdownmenu)</onclick>
			<property name="path">ActivateWindow(shutdownmenu)</property>
			<property name="list">shutdownmenu</property>
			<visible>String.IsEqual(System.ProfileName,Master user)</visible>
			<property name="submenuVisibility">num-33060</property>
			<property name="group">mainmenu</property>
			<property name="hasSubmenu">False</property>
		</item>
	</include>
	<include name="skinshortcuts-group-num-31103">
		<item id="1">
			<property name="id">$NUMBER[1]</property>
			<property name="mainmenuid">1</property>
			<label>$LOCALIZE[19023]</label>
			<label2>$ADDON[script.skinshortcuts 32017]</label2>
			<icon>special://skin/extras/icons/tv.png</icon>
			<thumb />
			<property name="labelID">19023</property>
			<property name="defaultID">19023</property>
			<visible>System.HasPVRAddon</visible>
			<onclick>ActivateWindow(TVChannels)</onclick>
			<property name="path">ActivateWindow(TVChannels)</property>
			<property name="list">TVChannels</property>
			<visible>String.IsEqual(System.ProfileName,Master user)</visible>
			<property name="group">31103</property>
			<property name="isSubmenu">True</property>
		</item>
		<item id="2">
			<property name="id">$NUMBER[2]</property>
			<property name="mainmenuid">1</property>
			<label>$LOCALIZE[22020]</label>
			<label2>$ADDON[script.skinshortcuts 32017]</label2>
			<icon>special://skin/extras/icons/tvguide.png</icon>
			<thumb />
			<property name="labelID">22020</property>
			<property name="defaultID">22020</property>
			<visible>System.HasPVRAddon</visible>
			<onclick>ActivateWindow(TVGuide)</onclick>
			<property name="path">ActivateWindow(TVGuide)</property>
			<property name="list">TVGuide</property>
			<visible>String.IsEqual(System.ProfileName,Master user)</visible>
			<property name="group">31103</property>
			<property name="isSubmenu">True</property>
		</item>
		<item id="3">
			<property name="id">$NUMBER[3]</property>
			<property name="mainmenuid">1</property>
			<label>$LOCALIZE[19163]</label>
			<label2>$ADDON[script.skinshortcuts 32017]</label2>
			<icon>special://skin/extras/icons/bookmark-star.png</icon>
			<thumb />
			<property name="labelID">19163</property>
			<property name="defaultID">19163</property>
			<visible>System.HasPVRAddon</visible>
			<onclick>ActivateWindow(TVRecordings)</onclick>
			<property name="path">ActivateWindow(TVRecordings)</property>
			<property name="list">TVRecordings</property>
			<visible>String.IsEqual(System.ProfileName,Master user)</visible>
			<property name="group">31103</property>
			<property name="isSubmenu">True</property>
		</item>
		<item id="4">
			<property name="id">$NUMBER[4]</property>
			<property name="mainmenuid">1</property>
			<label>$LOCALIZE[19040]</label>
			<label2>$ADDON[script.skinshortcuts 32017]</label2>
			<icon>special://skin/extras/icons/timer.png</icon>
			<thumb />
			<property name="labelID">19040</property>
			<property name="defaultID">19040</property>
			<visible>System.HasPVRAddon</visible>
			<onclick>ActivateWindow(TVTimers)</onclick>
			<property name="path">ActivateWindow(TVTimers)</property>
			<property name="list">TVTimers</property>
			<visible>String.IsEqual(System.ProfileName,Master user)</visible>
			<property name="group">31103</property>
			<property name="isSubmenu">True</property>
		</item>
		<item id="5">
			<property name="id">$NUMBER[5]</property>
			<property name="mainmenuid">1</property>
			<label>$LOCALIZE[137]</label>
			<label2>$ADDON[script.skinshortcuts 32017]</label2>
			<icon>special://skin/extras/icons/search.png</icon>
			<thumb />
			<property name="labelID">137</property>
			<property name="defaultID">137</property>
			<visible>System.HasPVRAddon</visible>
			<onclick>ActivateWindow(TVSearch)</onclick>
			<property name="path">ActivateWindow(TVSearch)</property>
			<property name="list">TVSearch</property>
			<visible>String.IsEqual(System.ProfileName,Master user)</visible>
			<property name="group">31103</property>
			<property name="isSubmenu">True</property>
		</item>
	</include>
	<include name="skinshortcuts-group-alt-num-31103">
		<item id="1">
			<property name="id">$NUMBER[1]</property>
			<property name="mainmenuid">1</property>
			<label>$LOCALIZE[19023]</label>
			<label2>$ADDON[script.skinshortcuts 32017]</label2>
			<icon>special://skin/extras/icons/tv.png</icon>
			<thumb />
			<property name="labelID">19023</property>
			<property name="defaultID">19023</property>
			<visible>[System.HasPVRAddon] + String.IsEqual(Window(10000).Property(submenuVisibility),num-31103)</visible>
			<onclick>ActivateWindow(TVChannels)</onclick>
			<property name="path">ActivateWindow(TVChannels)</property>
			<property name="list">TVChannels</property>
			<visible>String.IsEqual(System.ProfileName,Master user)</visible>
			<property name="group">31103</property>
			<property name="isSubmenu">True</property>
		</item>
		<item id="2">
			<property name="id">$NUMBER[2]</property>
			<property name="mainmenuid">1</property>
			<label>$LOCALIZE[22020]</label>
			<label2>$ADDON[script.skinshortcuts 32017]</label2>
			<icon>special://skin/extras/icons/tvguide.png</icon>
			<thumb />
			<property name="labelID">22020</property>
			<property name="defaultID">22020</property>
			<visible>[System.HasPVRAddon] + String.IsEqual(Window(10000).Property(submenuVisibility),num-31103)</visible>
			<onclick>ActivateWindow(TVGuide)</onclick>
			<property name="path">ActivateWindow(TVGuide)</property>
			<property name="list">TVGuide</property>
			<visible>String.IsEqual(System.ProfileName,Master user)</visible>
			<property name="group">31103</property>
			<property name="isSubmenu">True</property>
		</item>
		<item id="3">
			<property name="id">$NUMBER[3]</property>
			<property name="mainmenuid">1</property>
			<label>$LOCALIZE[19163]</label>
			<label2>$ADDON[script.skinshortcuts 32017]</label2>
			<icon>special://skin/extras/icons/bookmark-star.png</icon>
			<thumb />
			<property name="labelID">19163</property>
			<property name="defaultID">19163</property>
			<visible>[System.HasPVRAddon] + String.IsEqual(Window(10000).Property(submenuVisibility),num-31103)</visible>
			<onclick>ActivateWindow(TVRecordings)</onclick>
			<property name="path">ActivateWindow(TVRecordings)</property>
			<property name="list">TVRecordings</property>
			<visible>String.IsEqual(System.ProfileName,Master user)</visible>
			<property name="group">31103</property>
			<property name="isSubmenu">True</property>
		</item>
		<item id="4">
			<property name="id">$NUMBER[4]</property>
			<property name="mainmenuid">1</property>
			<label>$LOCALIZE[19040]</label>
			<label2>$ADDON[script.skinshortcuts 32017]</label2>
			<icon>special://skin/extras/icons/timer.png</icon>
			<thumb />
			<property name="labelID">19040</property>
			<property name="defaultID">19040</property>
			<visible>[System.HasPVRAddon] + String.IsEqual(Window(10000).Property(submenuVisibility),num-31103)</visible>
			<onclick>ActivateWindow(TVTimers)</onclick>
			<property name="path">ActivateWindow(TVTimers)</property>
			<property name="list">TVTimers</property>
			<visible>String.IsEqual(System.ProfileName,Master user)</visible>
			<property name="group">31103</property>
			<property name="isSubmenu">True</property>
		</item>
		<item id="5">
			<property name="id">$NUMBER[5]</property>
			<property name="mainmenuid">1</property>
			<label>$LOCALIZE[137]</label>
			<label2>$ADDON[script.skinshortcuts 32017]</label2>
			<icon>special://skin/extras/icons/search.png</icon>
			<thumb />
			<property name="labelID">137</property>
			<property name="defaultID">137</property>
			<visible>[System.HasPVRAddon] + String.IsEqual(Window(10000).Property(submenuVisibility),num-31103)</visible>
			<onclick>ActivateWindow(TVSearch)</onclick>
			<property name="path">ActivateWindow(TVSearch)</property>
			<property name="list">TVSearch</property>
			<visible>String.IsEqual(System.ProfileName,Master user)</visible>
			<property name="group">31103</property>
			<property name="isSubmenu">True</property>
		</item>
	</include>
	<include name="skinshortcuts-group-num-1036">
		<description>No items</description>
	</include>
	<include name="skinshortcuts-group-alt-num-1036">
		<description>No items</description>
	</include>
	<include name="skinshortcuts-group-num-24001">
		<item id="1">
			<property name="id">$NUMBER[1]</property>
			<property name="mainmenuid">3</property>
			<label>$LOCALIZE[1037]</label>
			<label2 />
			<icon>special://skin/extras/icons/video-addons.png</icon>
			<thumb />
			<property name="labelID">1037</property>
			<property name="defaultID">1037</property>
			<onclick>ActivateWindow(Videos,addons://sources/video,return)</onclick>
			<property name="path">ActivateWindow(Videos,addons://sources/video,return)</property>
			<property name="list">addons://sources/video</property>
			<visible>String.IsEqual(System.ProfileName,Master user)</visible>
			<property name="group">24001</property>
			<property name="isSubmenu">True</property>
		</item>
		<item id="2">
			<property name="id">$NUMBER[2]</property>
			<property name="mainmenuid">3</property>
			<label>$LOCALIZE[1038]</label>
			<label2 />
			<icon>special://skin/extras/icons/songs.png</icon>
			<thumb />
			<property name="labelID">1038</property>
			<property name="defaultID">1038</property>
			<onclick>ActivateWindow(Music,addons://sources/audio,return)</onclick>
			<property name="path">ActivateWindow(Music,addons://sources/audio,return)</property>
			<property name="list">addons://sources/audio</property>
			<visible>String.IsEqual(System.ProfileName,Master user)</visible>
			<property name="group">24001</property>
			<property name="isSubmenu">True</property>
		</item>
		<item id="3">
			<property name="id">$NUMBER[3]</property>
			<property name="mainmenuid">3</property>
			<label>$LOCALIZE[1043]</label>
			<label2 />
			<icon>special://skin/extras/icons/addons.png</icon>
			<thumb />
			<property name="labelID">1043</property>
			<property name="defaultID">1043</property>
			<onclick>ActivateWindow(Programs,addons://sources/executable,return)</onclick>
			<property name="path">ActivateWindow(Programs,addons://sources/executable,return)</property>
			<property name="list">addons://sources/executable</property>
			<visible>String.IsEqual(System.ProfileName,Master user)</visible>
			<property name="group">24001</property>
			<property name="isSubmenu">True</property>
		</item>
		<item id="4">
			<property name="id">$NUMBER[4]</property>
			<property name="mainmenuid">3</property>
			<label>$LOCALIZE[1039]</label>
			<label2 />
			<icon>special://skin/extras/icons/pictures.png</icon>
			<thumb />
			<property name="labelID">1039</property>
			<property name="defaultID">1039</property>
			<onclick>ActivateWindow(Pictures,addons://sources/image,return)</onclick>
			<property name="path">ActivateWindow(Pictures,addons://sources/image,return)</property>
			<property name="list">addons://sources/image</property>
			<visible>String.IsEqual(System.ProfileName,Master user)</visible>
			<property name="group">24001</property>
			<property name="isSubmenu">True</property>
		</item>
		<item id="5">
			<property name="id">$NUMBER[5]</property>
			<property name="mainmenuid">3</property>
			<label>$LOCALIZE[24032]</label>
			<label2 />
			<icon>special://skin/extras/icons/database.png</icon>
			<thumb />
			<property name="labelID">24032</property>
			<property name="defaultID">24032</property>
			<onclick>ActivateWindow(AddonBrowser,addons://user/all,return)</onclick>
			<property name="path">ActivateWindow(AddonBrowser,addons://user/all,return)</property>
			<property name="list">addons://user/all</property>
			<visible>String.IsEqual(System.ProfileName,Master user)</visible>
			<property name="group">24001</property>
			<property name="isSubmenu">True</property>
		</item>
		<item id="6">
			<property name="id">$NUMBER[6]</property>
			<property name="mainmenuid">3</property>
			<label>$LOCALIZE[8]</label>
			<label2 />
			<icon>special://skin/extras/icons/sun.png</icon>
			<thumb />
			<property name="labelID">8</property>
			<property name="defaultID">8</property>
			<visible>!String.IsEmpty(Weather.Plugin)</visible>
			<onclick>ActivateWindow(Weather)</onclick>
			<property name="path">ActivateWindow(Weather)</property>
			<property name="list">Weather</property>
			<visible>String.IsEqual(System.ProfileName,Master user)</visible>
			<property name="group">24001</property>
			<property name="isSubmenu">True</property>
		</item>
	</include>
	<include name="skinshortcuts-group-alt-num-24001">
		<item id="1">
			<property name="id">$NUMBER[1]</property>
			<property name="mainmenuid">3</property>
			<label>$LOCALIZE[1037]</label>
			<label2 />
			<icon>special://skin/extras/icons/video-addons.png</icon>
			<thumb />
			<property name="labelID">1037</property>
			<property name="defaultID">1037</property>
			<onclick>ActivateWindow(Videos,addons://sources/video,return)</onclick>
			<property name="path">ActivateWindow(Videos,addons://sources/video,return)</property>
			<property name="list">addons://sources/video</property>
			<visible>[String.IsEqual(System.ProfileName,Master user)] + String.IsEqual(Window(10000).Property(submenuVisibility),num-24001)</visible>
			<property name="group">24001</property>
			<property name="isSubmenu">True</property>
		</item>
		<item id="2">
			<property name="id">$NUMBER[2]</property>
			<property name="mainmenuid">3</property>
			<label>$LOCALIZE[1038]</label>
			<label2 />
			<icon>special://skin/extras/icons/songs.png</icon>
			<thumb />
			<property name="labelID">1038</property>
			<property name="defaultID">1038</property>
			<onclick>ActivateWindow(Music,addons://sources/audio,return)</onclick>
			<property name="path">ActivateWindow(Music,addons://sources/audio,return)</property>
			<property name="list">addons://sources/audio</property>
			<visible>[String.IsEqual(System.ProfileName,Master user)] + String.IsEqual(Window(10000).Property(submenuVisibility),num-24001)</visible>
			<property name="group">24001</property>
			<property name="isSubmenu">True</property>
		</item>
		<item id="3">
			<property name="id">$NUMBER[3]</property>
			<property name="mainmenuid">3</property>
			<label>$LOCALIZE[1043]</label>
			<label2 />
			<icon>special://skin/extras/icons/addons.png</icon>
			<thumb />
			<property name="labelID">1043</property>
			<property name="defaultID">1043</property>
			<onclick>ActivateWindow(Programs,addons://sources/executable,return)</onclick>
			<property name="path">ActivateWindow(Programs,addons://sources/executable,return)</property>
			<property name="list">addons://sources/executable</property>
			<visible>[String.IsEqual(System.ProfileName,Master user)] + String.IsEqual(Window(10000).Property(submenuVisibility),num-24001)</visible>
			<property name="group">24001</property>
			<property name="isSubmenu">True</property>
		</item>
		<item id="4">
			<property name="id">$NUMBER[4]</property>
			<property name="mainmenuid">3</property>
			<label>$LOCALIZE[1039]</label>
			<label2 />
			<icon>special://skin/extras/icons/pictures.png</icon>
			<thumb />
			<property name="labelID">1039</property>
			<property name="defaultID">1039</property>
			<onclick>ActivateWindow(Pictures,addons://sources/image,return)</onclick>
			<property name="path">ActivateWindow(Pictures,addons://sources/image,return)</property>
			<property name="list">addons://sources/image</property>
			<visible>[String.IsEqual(System.ProfileName,Master user)] + String.IsEqual(Window(10000).Property(submenuVisibility),num-24001)</visible>
			<property name="group">24001</property>
			<property name="isSubmenu">True</property>
		</item>
		<item id="5">
			<property name="id">$NUMBER[5]</property>
			<property name="mainmenuid">3</property>
			<label>$LOCALIZE[24032]</label>
			<label2 />
			<icon>special://skin/extras/icons/database.png</icon>
			<thumb />
			<property name="labelID">24032</property>
			<property name="defaultID">24032</property>
			<onclick>ActivateWindow(AddonBrowser,addons://user/all,return)</onclick>
			<property name="path">ActivateWindow(AddonBrowser,addons://user/all,return)</property>
			<property name="list">addons://user/all</property>
			<visible>[String.IsEqual(System.ProfileName,Master user)] + String.IsEqual(Window(10000).Property(submenuVisibility),num-24001)</visible>
			<property name="group">24001</property>
			<property name="isSubmenu">True</property>
		</item>
		<item id="6">
			<property name="id">$NUMBER[6]</property>
			<property name="mainmenuid">3</property>
			<label>$LOCALIZE[8]</label>
			<label2 />
			<icon>special://skin/extras/icons/sun.png</icon>
			<thumb />
			<property name="labelID">8</property>
			<property name="defaultID">8</property>
			<visible>[!String.IsEmpty(Weather.Plugin)] + String.IsEqual(Window(10000).Property(submenuVisibility),num-24001)</visible>
			<onclick>ActivateWindow(Weather)</onclick>
			<property name="path">ActivateWindow(Weather)</property>
			<property name="list">Weather</property>
			<visible>String.IsEqual(System.ProfileName,Master user)</visible>
			<property name="group">24001</property>
			<property name="isSubmenu">True</property>
		</item>
	</include>
	<include name="skinshortcuts-group-num-5">
		<item id="1">
			<property name="id">$NUMBER[1]</property>
			<property name="mainmenuid">4</property>
			<label>$LOCALIZE[7]</label>
			<label2>$ADDON[script.skinshortcuts 32034]</label2>
			<icon>special://skin/extras/icons/folder.png</icon>
			<thumb />
			<property name="labelID">7</property>
			<property name="defaultID">7</property>
			<onclick>ActivateWindow(FileManager)</onclick>
			<property name="path">ActivateWindow(FileManager)</property>
			<property name="list">FileManager</property>
			<visible>String.IsEqual(System.ProfileName,Master user)</visible>
			<property name="group">5</property>
			<property name="isSubmenu">True</property>
		</item>
		<item id="2">
			<property name="id">$NUMBER[2]</property>
			<property name="mainmenuid">4</property>
			<label>$LOCALIZE[13200]</label>
			<label2>$ADDON[script.skinshortcuts 32034]</label2>
			<icon>special://skin/extras/icons/actor.png</icon>
			<thumb />
			<property name="labelID">13200</property>
			<property name="defaultID">13200</property>
			<onclick>ActivateWindow(Profiles)</onclick>
			<property name="path">ActivateWindow(Profiles)</property>
			<property name="list">Profiles</property>
			<visible>String.IsEqual(System.ProfileName,Master user)</visible>
			<property name="group">5</property>
			<property name="isSubmenu">True</property>
		</item>
		<item id="3">
			<property name="id">$NUMBER[3]</property>
			<property name="mainmenuid">4</property>
			<label>$LOCALIZE[10007]</label>
			<label2>$ADDON[script.skinshortcuts 32034]</label2>
			<icon>special://skin/extras/icons/sysinfo.png</icon>
			<thumb />
			<property name="labelID">10007</property>
			<property name="defaultID">10007</property>
			<onclick>ActivateWindow(SystemInfo)</onclick>
			<property name="path">ActivateWindow(SystemInfo)</property>
			<property name="list">SystemInfo</property>
			<visible>String.IsEqual(System.ProfileName,Master user)</visible>
			<property name="group">5</property>
			<property name="isSubmenu">True</property>
		</item>
		<item id="4">
			<property name="id">$NUMBER[4]</property>
			<property name="mainmenuid">4</property>
			<label>$LOCALIZE[14111]</label>
			<label2>$ADDON[script.skinshortcuts 32034]</label2>
			<icon>special://skin/extras/icons/actor.png</icon>
			<thumb />
			<property name="labelID">14111</property>
			<property name="defaultID">14111</property>
			<visible>system.getbool(eventlog.enabled)</visible>
			<onclick>ActivateWindow(EventLog,events://,return)</onclick>
			<property name="path">ActivateWindow(EventLog,events://,return)</property>
			<property name="list">events://</property>
			<visible>String.IsEqual(System.ProfileName,Master user)</visible>
			<property name="group">5</property>
			<property name="isSubmenu">True</property>
		</item>
	</include>
	<include name="skinshortcuts-group-alt-num-5">
		<item id="1">
			<property name="id">$NUMBER[1]</property>
			<property name="mainmenuid">4</property>
			<label>$LOCALIZE[7]</label>
			<label2>$ADDON[script.skinshortcuts 32034]</label2>
			<icon>special://skin/extras/icons/folder.png</icon>
			<thumb />
			<property name="labelID">7</property>
			<property name="defaultID">7</property>
			<onclick>ActivateWindow(FileManager)</onclick>
			<property name="path">ActivateWindow(FileManager)</property>
			<property name="list">FileManager</property>
			<visible>[String.IsEqual(System.ProfileName,Master user)] + String.IsEqual(Window(10000).Property(submenuVisibility),num-5)</visible>
			<property name="group">5</property>
			<property name="isSubmenu">True</property>
		</item>
		<item id="2">
			<property name="id">$NUMBER[2]</property>
			<property name="mainmenuid">4</property>
			<label>$LOCALIZE[13200]</label>
			<label2>$ADDON[script.skinshortcuts 32034]</label2>
			<icon>special://skin/extras/icons/actor.png</icon>
			<thumb />
			<property name="labelID">13200</property>
			<property name="defaultID">13200</property>
			<onclick>ActivateWindow(Profiles)</onclick>
			<property name="path">ActivateWindow(Profiles)</property>
			<property name="list">Profiles</property>
			<visible>[String.IsEqual(System.ProfileName,Master user)] + String.IsEqual(Window(10000).Property(submenuVisibility),num-5)</visible>
			<property name="group">5</property>
			<property name="isSubmenu">True</property>
		</item>
		<item id="3">
			<property name="id">$NUMBER[3]</property>
			<property name="mainmenuid">4</property>
			<label>$LOCALIZE[10007]</label>
			<label2>$ADDON[script.skinshortcuts 32034]</label2>
			<icon>special://skin/extras/icons/sysinfo.png</icon>
			<thumb />
			<property name="labelID">10007</property>
			<property name="defaultID">10007</property>
			<onclick>ActivateWindow(SystemInfo)</onclick>
			<property name="path">ActivateWindow(SystemInfo)</property>
			<property name="list">SystemInfo</property>
			<visible>[String.IsEqual(System.ProfileName,Master user)] + String.IsEqual(Window(10000).Property(submenuVisibility),num-5)</visible>
			<property name="group">5</property>
			<property name="isSubmenu">True</property>
		</item>
		<item id="4">
			<property name="id">$NUMBER[4]</property>
			<property name="mainmenuid">4</property>
			<label>$LOCALIZE[14111]</label>
			<label2>$ADDON[script.skinshortcuts 32034]</label2>
			<icon>special://skin/extras/icons/actor.png</icon>
			<thumb />
			<property name="labelID">14111</property>
			<property name="defaultID">14111</property>
			<visible>[system.getbool(eventlog.enabled)] + String.IsEqual(Window(10000).Property(submenuVisibility),num-5)</visible>
			<onclick>ActivateWindow(EventLog,events://,return)</onclick>
			<property name="path">ActivateWindow(EventLog,events://,return)</property>
			<property name="list">events://</property>
			<visible>String.IsEqual(System.ProfileName,Master user)</visible>
			<property name="group">5</property>
			<property name="isSubmenu">True</property>
		</item>
	</include>
	<include name="skinshortcuts-group-num-33060">
		<description>No items</description>
	</include>
	<include name="skinshortcuts-group-alt-num-33060">
		<description>No items</description>
	</include>
	<include name="skinshortcuts-group-powermenu">
		<item id="1">
			<property name="id">$NUMBER[1]</property>
			<property name="mainmenuid">6</property>
			<label>$LOCALIZE[20183]</label>
			<label2>Power Menu Shortcut</label2>
			<icon>special://skin/extras/icons/power.png</icon>
			<thumb />
			<property name="labelID">20183</property>
			<property name="defaultID">20183</property>
			<onclick condition="Window.IsActive(DialogButtonMenu.xml)">Close</onclick>
			<onclick>ReloadSkin()</onclick>
			<property name="path">ReloadSkin()</property>
			<property name="list">ReloadSkin()</property>
			<visible>String.IsEqual(System.ProfileName,Master user)</visible>
			<property name="group">powermenu</property>
			<property name="isSubmenu">True</property>
		</item>
		<item id="2">
			<property name="id">$NUMBER[2]</property>
			<property name="mainmenuid">6</property>
			<label>$LOCALIZE[13014]</label>
			<label2>Comando de Kodi</label2>
			<icon>special://skin/extras/icons/sort-up.png</icon>
			<thumb />
			<property name="labelID">13014</property>
			<property name="defaultID">13014</property>
			<property name="translatedPath">Minimize</property>
			<onclick condition="Window.IsActive(DialogButtonMenu.xml)">Close</onclick>
			<onclick>Minimize</onclick>
			<property name="path">Minimize</property>
			<property name="list">Minimize</property>
			<visible>String.IsEqual(System.ProfileName,Master user)</visible>
			<property name="group">powermenu</property>
			<property name="isSubmenu">True</property>
		</item>
		<item id="3">
			<property name="id">$NUMBER[3]</property>
			<property name="mainmenuid">6</property>
			<label>$LOCALIZE[13012]</label>
			<label2>Power Menu Shortcut</label2>
			<icon>special://skin/extras/icons/power.png</icon>
			<thumb />
			<property name="labelID">13012</property>
			<property name="defaultID">13012</property>
			<visible>System.ShowExitButton</visible>
			<onclick condition="Window.IsActive(DialogButtonMenu.xml)">Close</onclick>
			<onclick>XBMC.Quit()</onclick>
			<property name="path">XBMC.Quit()</property>
			<property name="list">XBMC.Quit()</property>
			<visible>String.IsEqual(System.ProfileName,Master user)</visible>
			<property name="group">powermenu</property>
			<property name="isSubmenu">True</property>
		</item>
		<item id="4">
			<property name="id">$NUMBER[4]</property>
			<property name="mainmenuid">6</property>
			<label>$LOCALIZE[13016]</label>
			<label2>Power Menu Shortcut</label2>
			<icon>special://skin/extras/icons/power.png</icon>
			<thumb />
			<property name="labelID">13016</property>
			<property name="defaultID">13016</property>
			<visible>System.CanPowerDown</visible>
			<onclick condition="Window.IsActive(DialogButtonMenu.xml)">Close</onclick>
			<onclick>XBMC.Powerdown()</onclick>
			<property name="path">XBMC.Powerdown()</property>
			<property name="list">XBMC.Powerdown()</property>
			<visible>String.IsEqual(System.ProfileName,Master user)</visible>
			<property name="group">powermenu</property>
			<property name="isSubmenu">True</property>
		</item>
		<item id="5">
			<property name="id">$NUMBER[5]</property>
			<property name="mainmenuid">6</property>
			<label>$LOCALIZE[13011]</label>
			<label2>Power Menu Shortcut</label2>
			<icon>special://skin/extras/icons/power.png</icon>
			<thumb />
			<property name="labelID">13011</property>
			<property name="defaultID">13011</property>
			<visible>System.CanSuspend</visible>
			<onclick condition="Window.IsActive(DialogButtonMenu.xml)">Close</onclick>
			<onclick>XBMC.Suspend()</onclick>
			<property name="path">XBMC.Suspend()</property>
			<property name="list">XBMC.Suspend()</property>
			<visible>String.IsEqual(System.ProfileName,Master user)</visible>
			<property name="group">powermenu</property>
			<property name="isSubmenu">True</property>
		</item>
		<item id="6">
			<property name="id">$NUMBER[6]</property>
			<property name="mainmenuid">6</property>
			<label>$LOCALIZE[13010]</label>
			<label2>Power Menu Shortcut</label2>
			<icon>special://skin/extras/icons/power.png</icon>
			<thumb />
			<property name="labelID">13010</property>
			<property name="defaultID">13010</property>
			<visible>System.CanHibernate</visible>
			<onclick condition="Window.IsActive(DialogButtonMenu.xml)">Close</onclick>
			<onclick>XBMC.Hibernate()</onclick>
			<property name="path">XBMC.Hibernate()</property>
			<property name="list">XBMC.Hibernate()</property>
			<visible>String.IsEqual(System.ProfileName,Master user)</visible>
			<property name="group">powermenu</property>
			<property name="isSubmenu">True</property>
		</item>
		<item id="7">
			<property name="id">$NUMBER[7]</property>
			<property name="mainmenuid">6</property>
			<label>$LOCALIZE[13013]</label>
			<label2>Power Menu Shortcut</label2>
			<icon>special://skin/extras/icons/power.png</icon>
			<thumb />
			<property name="labelID">13013</property>
			<property name="defaultID">13013</property>
			<visible>System.CanReboot</visible>
			<onclick condition="Window.IsActive(DialogButtonMenu.xml)">Close</onclick>
			<onclick>XBMC.Reset()</onclick>
			<property name="path">XBMC.Reset()</property>
			<property name="list">XBMC.Reset()</property>
			<visible>String.IsEqual(System.ProfileName,Master user)</visible>
			<property name="group">powermenu</property>
			<property name="isSubmenu">True</property>
		</item>
		<item id="8">
			<property name="id">$NUMBER[8]</property>
			<property name="mainmenuid">6</property>
			<label>$LOCALIZE[20126]</label>
			<label2>Power Menu Shortcut</label2>
			<icon>special://skin/extras/icons/power.png</icon>
			<thumb />
			<property name="labelID">20126</property>
			<property name="defaultID">20126</property>
			<visible>System.HasLoginScreen | IntegerGreaterThan(System.ProfileCount,1)</visible>
			<onclick condition="Window.IsActive(DialogButtonMenu.xml)">Close</onclick>
			<onclick>dialog.close(all,true)</onclick>
			<property name="path">dialog.close(all,true)</property>
			<property name="list">dialog.close(all,true)</property>
			<visible>String.IsEqual(System.ProfileName,Master user)</visible>
			<property name="group">powermenu</property>
			<property name="isSubmenu">True</property>
		</item>
		<item id="9">
			<property name="id">$NUMBER[9]</property>
			<property name="mainmenuid">6</property>
			<label>$LOCALIZE[20046]</label>
			<label2>Power Menu Shortcut</label2>
			<icon>special://skin/extras/icons/power.png</icon>
			<thumb />
			<property name="labelID">20046</property>
			<property name="defaultID">20046</property>
			<visible>System.HasLocks</visible>
			<onclick condition="Window.IsActive(DialogButtonMenu.xml)">Close</onclick>
			<onclick>xbmc.mastermode</onclick>
			<property name="path">xbmc.mastermode</property>
			<property name="list">xbmc.mastermode</property>
			<visible>String.IsEqual(System.ProfileName,Master user)</visible>
			<property name="group">powermenu</property>
			<property name="isSubmenu">True</property>
		</item>
		<item id="10">
			<property name="id">$NUMBER[10]</property>
			<property name="mainmenuid">6</property>
			<label>$LOCALIZE[13017]</label>
			<label2>Power Menu Shortcut</label2>
			<icon>special://skin/extras/icons/power.png</icon>
			<thumb />
			<property name="labelID">13017</property>
			<property name="defaultID">13017</property>
			<visible>System.HasShutdown +!System.IsInhibit</visible>
			<onclick condition="Window.IsActive(DialogButtonMenu.xml)">Close</onclick>
			<onclick>XBMC.InhibitIdleShutdown(true)</onclick>
			<property name="path">XBMC.InhibitIdleShutdown(true)</property>
			<property name="list">XBMC.InhibitIdleShutdown(true)</property>
			<visible>String.IsEqual(System.ProfileName,Master user)</visible>
			<property name="group">powermenu</property>
			<property name="isSubmenu">True</property>
		</item>
		<item id="11">
			<property name="id">$NUMBER[11]</property>
			<property name="mainmenuid">6</property>
			<label>$LOCALIZE[13018]</label>
			<label2>Power Menu Shortcut</label2>
			<icon>special://skin/extras/icons/power.png</icon>
			<thumb />
			<property name="labelID">13018</property>
			<property name="defaultID">13018</property>
			<visible>System.HasShutdown + System.IsInhibit</visible>
			<onclick condition="Window.IsActive(DialogButtonMenu.xml)">Close</onclick>
			<onclick>XBMC.InhibitIdleShutdown(false)</onclick>
			<property name="path">XBMC.InhibitIdleShutdown(false)</property>
			<property name="list">XBMC.InhibitIdleShutdown(false)</property>
			<visible>String.IsEqual(System.ProfileName,Master user)</visible>
			<property name="group">powermenu</property>
			<property name="isSubmenu">True</property>
		</item>
		<item id="12">
			<property name="id">$NUMBER[12]</property>
			<property name="mainmenuid">6</property>
			<label>$LOCALIZE[20150]</label>
			<label2>Power Menu Shortcut</label2>
			<icon>special://skin/extras/icons/power.png</icon>
			<thumb />
			<property name="labelID">20150</property>
			<property name="defaultID">20150</property>
			<visible>!System.HasAlarm(shutdowntimer)</visible>
			<onclick condition="Window.IsActive(DialogButtonMenu.xml)">Close</onclick>
			<onclick>XBMC.AlarmClock(shutdowntimer,XBMC.Shutdown())</onclick>
			<property name="path">XBMC.AlarmClock(shutdowntimer,XBMC.Shutdown())</property>
			<property name="list">XBMC.AlarmClock(shutdowntimer,XBMC.Shutdown())</property>
			<visible>String.IsEqual(System.ProfileName,Master user)</visible>
			<property name="group">powermenu</property>
			<property name="isSubmenu">True</property>
		</item>
		<item id="13">
			<property name="id">$NUMBER[13]</property>
			<property name="mainmenuid">6</property>
			<label>$LOCALIZE[20151]</label>
			<label2>Power Menu Shortcut</label2>
			<icon>special://skin/extras/icons/power.png</icon>
			<thumb />
			<property name="labelID">20151</property>
			<property name="defaultID">20151</property>
			<visible>System.HasAlarm(shutdowntimer)</visible>
			<onclick condition="Window.IsActive(DialogButtonMenu.xml)">Close</onclick>
			<onclick>XBMC.CancelAlarm(shutdowntimer)</onclick>
			<property name="path">XBMC.CancelAlarm(shutdowntimer)</property>
			<property name="list">XBMC.CancelAlarm(shutdowntimer)</property>
			<visible>String.IsEqual(System.ProfileName,Master user)</visible>
			<property name="group">powermenu</property>
			<property name="isSubmenu">True</property>
		</item>
		<item id="14">
			<property name="id">$NUMBER[14]</property>
			<property name="mainmenuid">6</property>
			<label>$LOCALIZE[5]</label>
			<label2>Power Menu Shortcut</label2>
			<icon>special://skin/extras/icons/power.png</icon>
			<thumb />
			<property name="labelID">5</property>
			<property name="defaultID">5</property>
			<onclick condition="Window.IsActive(DialogButtonMenu.xml)">Close</onclick>
			<onclick>ActivateWindow(Settings)</onclick>
			<property name="path">ActivateWindow(Settings)</property>
			<property name="list">Settings</property>
			<visible>String.IsEqual(System.ProfileName,Master user)</visible>
			<property name="group">powermenu</property>
			<property name="isSubmenu">True</property>
		</item>
	</include>
	<include name="skinshortcuts-group-alt-powermenu">
		<item id="1">
			<property name="id">$NUMBER[1]</property>
			<property name="mainmenuid">6</property>
			<label>$LOCALIZE[20183]</label>
			<label2>Power Menu Shortcut</label2>
			<icon>special://skin/extras/icons/power.png</icon>
			<thumb />
			<property name="labelID">20183</property>
			<property name="defaultID">20183</property>
			<onclick condition="Window.IsActive(DialogButtonMenu.xml)">Close</onclick>
			<onclick>ReloadSkin()</onclick>
			<property name="path">ReloadSkin()</property>
			<property name="list">ReloadSkin()</property>
			<visible>[String.IsEqual(System.ProfileName,Master user)] + String.IsEqual(Window(10000).Property(submenuVisibility),powermenu)</visible>
			<property name="group">powermenu</property>
			<property name="isSubmenu">True</property>
		</item>
		<item id="2">
			<property name="id">$NUMBER[2]</property>
			<property name="mainmenuid">6</property>
			<label>$LOCALIZE[13014]</label>
			<label2>Comando de Kodi</label2>
			<icon>special://skin/extras/icons/sort-up.png</icon>
			<thumb />
			<property name="labelID">13014</property>
			<property name="defaultID">13014</property>
			<property name="translatedPath">Minimize</property>
			<onclick condition="Window.IsActive(DialogButtonMenu.xml)">Close</onclick>
			<onclick>Minimize</onclick>
			<property name="path">Minimize</property>
			<property name="list">Minimize</property>
			<visible>[String.IsEqual(System.ProfileName,Master user)] + String.IsEqual(Window(10000).Property(submenuVisibility),powermenu)</visible>
			<property name="group">powermenu</property>
			<property name="isSubmenu">True</property>
		</item>
		<item id="3">
			<property name="id">$NUMBER[3]</property>
			<property name="mainmenuid">6</property>
			<label>$LOCALIZE[13012]</label>
			<label2>Power Menu Shortcut</label2>
			<icon>special://skin/extras/icons/power.png</icon>
			<thumb />
			<property name="labelID">13012</property>
			<property name="defaultID">13012</property>
			<visible>[System.ShowExitButton] + String.IsEqual(Window(10000).Property(submenuVisibility),powermenu)</visible>
			<onclick condition="Window.IsActive(DialogButtonMenu.xml)">Close</onclick>
			<onclick>XBMC.Quit()</onclick>
			<property name="path">XBMC.Quit()</property>
			<property name="list">XBMC.Quit()</property>
			<visible>String.IsEqual(System.ProfileName,Master user)</visible>
			<property name="group">powermenu</property>
			<property name="isSubmenu">True</property>
		</item>
		<item id="4">
			<property name="id">$NUMBER[4]</property>
			<property name="mainmenuid">6</property>
			<label>$LOCALIZE[13016]</label>
			<label2>Power Menu Shortcut</label2>
			<icon>special://skin/extras/icons/power.png</icon>
			<thumb />
			<property name="labelID">13016</property>
			<property name="defaultID">13016</property>
			<visible>[System.CanPowerDown] + String.IsEqual(Window(10000).Property(submenuVisibility),powermenu)</visible>
			<onclick condition="Window.IsActive(DialogButtonMenu.xml)">Close</onclick>
			<onclick>XBMC.Powerdown()</onclick>
			<property name="path">XBMC.Powerdown()</property>
			<property name="list">XBMC.Powerdown()</property>
			<visible>String.IsEqual(System.ProfileName,Master user)</visible>
			<property name="group">powermenu</property>
			<property name="isSubmenu">True</property>
		</item>
		<item id="5">
			<property name="id">$NUMBER[5]</property>
			<property name="mainmenuid">6</property>
			<label>$LOCALIZE[13011]</label>
			<label2>Power Menu Shortcut</label2>
			<icon>special://skin/extras/icons/power.png</icon>
			<thumb />
			<property name="labelID">13011</property>
			<property name="defaultID">13011</property>
			<visible>[System.CanSuspend] + String.IsEqual(Window(10000).Property(submenuVisibility),powermenu)</visible>
			<onclick condition="Window.IsActive(DialogButtonMenu.xml)">Close</onclick>
			<onclick>XBMC.Suspend()</onclick>
			<property name="path">XBMC.Suspend()</property>
			<property name="list">XBMC.Suspend()</property>
			<visible>String.IsEqual(System.ProfileName,Master user)</visible>
			<property name="group">powermenu</property>
			<property name="isSubmenu">True</property>
		</item>
		<item id="6">
			<property name="id">$NUMBER[6]</property>
			<property name="mainmenuid">6</property>
			<label>$LOCALIZE[13010]</label>
			<label2>Power Menu Shortcut</label2>
			<icon>special://skin/extras/icons/power.png</icon>
			<thumb />
			<property name="labelID">13010</property>
			<property name="defaultID">13010</property>
			<visible>[System.CanHibernate] + String.IsEqual(Window(10000).Property(submenuVisibility),powermenu)</visible>
			<onclick condition="Window.IsActive(DialogButtonMenu.xml)">Close</onclick>
			<onclick>XBMC.Hibernate()</onclick>
			<property name="path">XBMC.Hibernate()</property>
			<property name="list">XBMC.Hibernate()</property>
			<visible>String.IsEqual(System.ProfileName,Master user)</visible>
			<property name="group">powermenu</property>
			<property name="isSubmenu">True</property>
		</item>
		<item id="7">
			<property name="id">$NUMBER[7]</property>
			<property name="mainmenuid">6</property>
			<label>$LOCALIZE[13013]</label>
			<label2>Power Menu Shortcut</label2>
			<icon>special://skin/extras/icons/power.png</icon>
			<thumb />
			<property name="labelID">13013</property>
			<property name="defaultID">13013</property>
			<visible>[System.CanReboot] + String.IsEqual(Window(10000).Property(submenuVisibility),powermenu)</visible>
			<onclick condition="Window.IsActive(DialogButtonMenu.xml)">Close</onclick>
			<onclick>XBMC.Reset()</onclick>
			<property name="path">XBMC.Reset()</property>
			<property name="list">XBMC.Reset()</property>
			<visible>String.IsEqual(System.ProfileName,Master user)</visible>
			<property name="group">powermenu</property>
			<property name="isSubmenu">True</property>
		</item>
		<item id="8">
			<property name="id">$NUMBER[8]</property>
			<property name="mainmenuid">6</property>
			<label>$LOCALIZE[20126]</label>
			<label2>Power Menu Shortcut</label2>
			<icon>special://skin/extras/icons/power.png</icon>
			<thumb />
			<property name="labelID">20126</property>
			<property name="defaultID">20126</property>
			<visible>[System.HasLoginScreen | IntegerGreaterThan(System.ProfileCount,1)] + String.IsEqual(Window(10000).Property(submenuVisibility),powermenu)</visible>
			<onclick condition="Window.IsActive(DialogButtonMenu.xml)">Close</onclick>
			<onclick>dialog.close(all,true)</onclick>
			<property name="path">dialog.close(all,true)</property>
			<property name="list">dialog.close(all,true)</property>
			<visible>String.IsEqual(System.ProfileName,Master user)</visible>
			<property name="group">powermenu</property>
			<property name="isSubmenu">True</property>
		</item>
		<item id="9">
			<property name="id">$NUMBER[9]</property>
			<property name="mainmenuid">6</property>
			<label>$LOCALIZE[20046]</label>
			<label2>Power Menu Shortcut</label2>
			<icon>special://skin/extras/icons/power.png</icon>
			<thumb />
			<property name="labelID">20046</property>
			<property name="defaultID">20046</property>
			<visible>[System.HasLocks] + String.IsEqual(Window(10000).Property(submenuVisibility),powermenu)</visible>
			<onclick condition="Window.IsActive(DialogButtonMenu.xml)">Close</onclick>
			<onclick>xbmc.mastermode</onclick>
			<property name="path">xbmc.mastermode</property>
			<property name="list">xbmc.mastermode</property>
			<visible>String.IsEqual(System.ProfileName,Master user)</visible>
			<property name="group">powermenu</property>
			<property name="isSubmenu">True</property>
		</item>
		<item id="10">
			<property name="id">$NUMBER[10]</property>
			<property name="mainmenuid">6</property>
			<label>$LOCALIZE[13017]</label>
			<label2>Power Menu Shortcut</label2>
			<icon>special://skin/extras/icons/power.png</icon>
			<thumb />
			<property name="labelID">13017</property>
			<property name="defaultID">13017</property>
			<visible>[System.HasShutdown +!System.IsInhibit] + String.IsEqual(Window(10000).Property(submenuVisibility),powermenu)</visible>
			<onclick condition="Window.IsActive(DialogButtonMenu.xml)">Close</onclick>
			<onclick>XBMC.InhibitIdleShutdown(true)</onclick>
			<property name="path">XBMC.InhibitIdleShutdown(true)</property>
			<property name="list">XBMC.InhibitIdleShutdown(true)</property>
			<visible>String.IsEqual(System.ProfileName,Master user)</visible>
			<property name="group">powermenu</property>
			<property name="isSubmenu">True</property>
		</item>
		<item id="11">
			<property name="id">$NUMBER[11]</property>
			<property name="mainmenuid">6</property>
			<label>$LOCALIZE[13018]</label>
			<label2>Power Menu Shortcut</label2>
			<icon>special://skin/extras/icons/power.png</icon>
			<thumb />
			<property name="labelID">13018</property>
			<property name="defaultID">13018</property>
			<visible>[System.HasShutdown + System.IsInhibit] + String.IsEqual(Window(10000).Property(submenuVisibility),powermenu)</visible>
			<onclick condition="Window.IsActive(DialogButtonMenu.xml)">Close</onclick>
			<onclick>XBMC.InhibitIdleShutdown(false)</onclick>
			<property name="path">XBMC.InhibitIdleShutdown(false)</property>
			<property name="list">XBMC.InhibitIdleShutdown(false)</property>
			<visible>String.IsEqual(System.ProfileName,Master user)</visible>
			<property name="group">powermenu</property>
			<property name="isSubmenu">True</property>
		</item>
		<item id="12">
			<property name="id">$NUMBER[12]</property>
			<property name="mainmenuid">6</property>
			<label>$LOCALIZE[20150]</label>
			<label2>Power Menu Shortcut</label2>
			<icon>special://skin/extras/icons/power.png</icon>
			<thumb />
			<property name="labelID">20150</property>
			<property name="defaultID">20150</property>
			<visible>[!System.HasAlarm(shutdowntimer)] + String.IsEqual(Window(10000).Property(submenuVisibility),powermenu)</visible>
			<onclick condition="Window.IsActive(DialogButtonMenu.xml)">Close</onclick>
			<onclick>XBMC.AlarmClock(shutdowntimer,XBMC.Shutdown())</onclick>
			<property name="path">XBMC.AlarmClock(shutdowntimer,XBMC.Shutdown())</property>
			<property name="list">XBMC.AlarmClock(shutdowntimer,XBMC.Shutdown())</property>
			<visible>String.IsEqual(System.ProfileName,Master user)</visible>
			<property name="group">powermenu</property>
			<property name="isSubmenu">True</property>
		</item>
		<item id="13">
			<property name="id">$NUMBER[13]</property>
			<property name="mainmenuid">6</property>
			<label>$LOCALIZE[20151]</label>
			<label2>Power Menu Shortcut</label2>
			<icon>special://skin/extras/icons/power.png</icon>
			<thumb />
			<property name="labelID">20151</property>
			<property name="defaultID">20151</property>
			<visible>[System.HasAlarm(shutdowntimer)] + String.IsEqual(Window(10000).Property(submenuVisibility),powermenu)</visible>
			<onclick condition="Window.IsActive(DialogButtonMenu.xml)">Close</onclick>
			<onclick>XBMC.CancelAlarm(shutdowntimer)</onclick>
			<property name="path">XBMC.CancelAlarm(shutdowntimer)</property>
			<property name="list">XBMC.CancelAlarm(shutdowntimer)</property>
			<visible>String.IsEqual(System.ProfileName,Master user)</visible>
			<property name="group">powermenu</property>
			<property name="isSubmenu">True</property>
		</item>
		<item id="14">
			<property name="id">$NUMBER[14]</property>
			<property name="mainmenuid">6</property>
			<label>$LOCALIZE[5]</label>
			<label2>Power Menu Shortcut</label2>
			<icon>special://skin/extras/icons/power.png</icon>
			<thumb />
			<property name="labelID">5</property>
			<property name="defaultID">5</property>
			<onclick condition="Window.IsActive(DialogButtonMenu.xml)">Close</onclick>
			<onclick>ActivateWindow(Settings)</onclick>
			<property name="path">ActivateWindow(Settings)</property>
			<property name="list">Settings</property>
			<visible>[String.IsEqual(System.ProfileName,Master user)] + String.IsEqual(Window(10000).Property(submenuVisibility),powermenu)</visible>
			<property name="group">powermenu</property>
			<property name="isSubmenu">True</property>
		</item>
	</include>
	<include name="skinshortcuts-template-widget3002">
		<include condition="String.IsEqual(System.ProfileName,Master user)">skinshortcuts-template-widget3002-Master user</include>
	</include>
	<include name="skinshortcuts-template-widget3002-Master user">
		<include content="Widget">
			<param name="id" value="03002" />
			<param name="target" value="pvr" />
			<param name="sortby" value="" />
			<param name="sortorder" value="" />
			<param name="content" value="Container(300).ListItem.Property(widgetPath)" />
			<param name="widgetContent" value="pvr://channels/tv/*?view=lastplayed" />
			<param name="widgetAspect" value="" />
			<param name="aspect" value="Container(300).ListItem.Property(widgetAspect)" />
			<param name="label" value="19023" />
			<param name="visible" value="String.IsEqual(Container(300).ListItem.Property(id),1)" />
			<param name="genres" value="false" />
			<param name="studios" value="false" />
			<param name="text" value="false" />
		</include>
		<include content="Widget">
			<param name="id" value="23002" />
			<param name="target" value="videos" />
			<param name="sortby" value="lastused" />
			<param name="sortorder" value="descending" />
			<param name="content" value="Container(300).ListItem.Property(widgetPath)" />
			<param name="widgetContent" value="addons://sources/video" />
			<param name="widgetAspect" value="" />
			<param name="aspect" value="Container(300).ListItem.Property(widgetAspect)" />
			<param name="label" value="1037" />
			<param name="visible" value="String.IsEqual(Container(300).ListItem.Property(id),3)" />
			<param name="genres" value="false" />
			<param name="studios" value="false" />
			<param name="text" value="false" />
		</include>
	</include>
	<include name="skinshortcuts-template-widget3003">
		<include condition="String.IsEqual(System.ProfileName,Master user)">skinshortcuts-template-widget3003-Master user</include>
	</include>
	<include name="skinshortcuts-template-widget3003-Master user">
		<include content="Widget">
			<param name="id" value="23003" />
			<param name="target" value="music" />
			<param name="sortby" value="lastused" />
			<param name="sortorder" value="descending" />
			<param name="content" value="Container(300).ListItem.Property(widgetPath.Widget1)" />
			<param name="widgetContent" value="addons://sources/audio" />
			<param name="widgetAspect" value="" />
			<param name="aspect" value="Container(300).ListItem.Property(widgetAspect.Widget1)" />
			<param name="label" value="$LOCALIZE[1038]" />
			<param name="visible" value="String.IsEqual(Container(300).ListItem.Property(id),3)" />
			<param name="genres" value="false" />
			<param name="studios" value="false" />
			<param name="text" value="false" />
		</include>
	</include>
	<include name="skinshortcuts-template-widget3004">
		<include condition="String.IsEqual(System.ProfileName,Master user)">skinshortcuts-template-widget3004-Master user</include>
	</include>
	<include name="skinshortcuts-template-widget3004-Master user">
		<include content="Widget">
			<param name="id" value="23004" />
			<param name="target" value="programs" />
			<param name="sortby" value="lastused" />
			<param name="sortorder" value="descending" />
			<param name="content" value="Container(300).ListItem.Property(widgetPath.Widget2)" />
			<param name="widgetContent" value="addons://sources/executable" />
			<param name="widgetAspect" value="" />
			<param name="aspect" value="Container(300).ListItem.Property(widgetAspect.Widget2)" />
			<param name="label" value="$LOCALIZE[1043]" />
			<param name="visible" value="String.IsEqual(Container(300).ListItem.Property(id),3)" />
			<param name="genres" value="false" />
			<param name="studios" value="false" />
			<param name="text" value="false" />
		</include>
	</include>
	<include name="skinshortcuts-template-widget3005">
		<description>This include was built automatically as the template didn't match any menu items</description>
	</include>
	<include name="skinshortcuts-template-widget3006">
		<description>This include was built automatically as the template didn't match any menu items</description>
	</include>
	<include name="skinshortcuts-template-widget3007">
		<description>This include was built automatically as the template didn't match any menu items</description>
	</include>
	<include name="skinshortcuts-template-widget3008">
		<description>This include was built automatically as the template didn't match any menu items</description>
	</include>
	<include name="skinshortcuts-template-widget3009">
		<description>This include was built automatically as the template didn't match any menu items</description>
	</include>
</includes>
