<?xml version="1.0" encoding="UTF-8" standalone="yes"?>
<addon id="plugin.video.palantir" name="Palantir" version="1.0.1" provider-name="Atari Corp.">
  <requires>
    <import addon="xbmc.python" version="2.1.0"/>
    <import addon="script.module.simple.downloader" version="1.9.5"/>
    <import addon="script.extendedinfo" optional="true"/>
  </requires>
  <extension point="xbmc.python.pluginsource" library="orthanc.py">
    <provides>video</provides>
  </extension>
  <extension point="xbmc.addon.metadata">
    <summary>TV</summary>
    <news>[COLOR lime][B] versión 1.0.1 [/B][/COLOR]
        - [Interno] Añadido YouTube en Herramientas
        - [Interno] Cambiado notificaciones
        - [Interno] Eliminadas opciones de registro.
        - [Añadido] Pelis recientes por año en pantalla principal.		
    </news>
    <description>Visualiza el contenido de la nube, series, películas.</description>
    <disclaimer>[B][COLOR red]Todo el contenido disponible en este Addon esta sacado de servidores gratuitos, disponible en la red para todos los usuarios.[/B][/COLOR]</disclaimer>
    <language></language>
    <platform>all</platform>
    <assets>
        <icon>icon.png</icon>
        <fanart>fanart.jpg</fanart>
    </assets>
    <license></license>
    <forum></forum>
    <website></website>
    <email></email>
    <source></source>
  </extension>
</addon>
