<?xml version="1.0" encoding="UTF-8" standalone="yes"?>
<addon id="plugin.program.atariwizard" name="Atari Wizard" version="1.0.1" provider-name="Atari Corp.">
  <requires>
    <import addon="xbmc.python" version="2.1.0"/>
  </requires>
  <extension point="xbmc.python.pluginsource" library="default.py">
    <provides>executable</provides>
  </extension>
  <extension point="xbmc.service" library="startup.py" start="startup" />
  <extension point="xbmc.addon.metadata">
    <summary lang="en">Atari Wizard</summary>
    <description lang="en">Kodi Build por Atari Corp.</description>
    <platform>all</platform>
	  <assets>
		<icon>icon.gif</icon>
	  </assets>
  </extension>
</addon>
