<?xml version="1.0" encoding="UTF-8" standalone="yes"?>
<addon id="plugin.video.atari"
       name="Atari"
       version="1.0.1"
       provider-name="Atari Corp.">
  <requires>
    <import addon="xbmc.python" version="2.1.0"/>
    <import addon="script.module.beautifulsoup" version="3.2.1"/>
    <import addon="script.module.simple.downloader" version="0.9.4"/>
    <import addon="script.module.beautifulsoup4" />
    <import addon="script.module.requests" />
    <import addon="script.module.httplib2" />
    <import addon="script.module.liveresolver" version="0.1.24" optional="true"/>
    <import addon="script.module.youtube.dl" optional="true"/>
    <import addon="plugin.video.youtube" />
    <import addon="script.module.urlresolver" />
	<import addon="script.module.simplejson" />
    <import addon="script.module.livestreamer" optional="true"/>
    <import addon="script.module.pyamf" optional="true"/>
  </requires>
  <extension point="xbmc.python.pluginsource" library="default.py">
    <provides>video</provides>
  </extension>
  
   <extension point="xbmc.addon.repository" name="Mi repositorio">
        <info>https://raw.githubusercontent.com/DelMaiz/Repo/master/addons.xml</info>
        <checksum>https://raw.githubusercontent.com/DelMaiz/Repo/master/addons.xml.md5</checksum>
        <datadir zip="true">https://raw.githubusercontent.com/DelMaiz/Repo/master/</datadir>
    </extension>
	  <assets>
		<icon>icon.png</icon>
		<fanart>fanart.jpg</fanart>
	  </assets>


  <extension point="xbmc.addon.metadata">
    <summary>Atari- provider Atari Corp."</summary>
    <description>Este addon no contiene enlaces propios,son recopilaciones de la red, solo se facilita el acesso a esas webs, estas webs son las responsables de los contenidos
    </description>
    <platform>all</platform>
  </extension>
</addon>