{
  "id": "javus",
  "name": "javus.net",
  "active": false,
  "adult": true,
  "language": ["*"],
  "thumbnail": "https://s15.postimg.cc/pzd3h4vy3/javus.png",
  "banner": "https://s21.postimg.cc/5pqzedp2f/javus_banner.png",
  "categories": [
    "adult"
  ],
  "settings": [
    {
      "id": "include_in_global_search",
      "type": "bool",
      "label": "Incluir en busqueda global",
      "default": false,
      "enabled": true,
      "visible": true
    },
    {
      "id": "filter_languages",
      "type": "list",
      "label": "Mostrar enlaces en idioma...",
      "default": 0,
      "enabled": true,
      "visible": true,
      "lvalues": [
        "No filtrar"
      ]
    }
  ]
}