<?xml version="1.0" encoding="UTF-8"?>
<datafile>
	<header>
		<emu_name>Atomiswave</emu_name>
		<emu_description>Arcade</emu_description>
		<emu_category>Arcade</emu_category>
		<emu_version>07012018</emu_version>
		<emu_date>07/01/2018</emu_date>
		<emu_author>Zach Morris</emu_author>
		<emu_visibility>visible</emu_visibility>
		<emu_homepage>http://archive.org</emu_homepage>
		<emu_baseurl>https://archive.org/download/</emu_baseurl>
		<emu_launcher>retroplayer</emu_launcher>
		<emu_default_addon>none</emu_default_addon>
		<emu_ext_launch_cmd>none</emu_ext_launch_cmd>
		<emu_downloadpath>default</emu_downloadpath>
		<emu_postdlaction>unarchive_game_launch_lst</emu_postdlaction>
		<emu_comment>The Atomiswave is a custom arcade system board and cabinet from Sammy Corporation. It is based on Sega's NAOMI system board (thus it's common to see the "Sega" logo on its boot up screen). The Atomiswave uses interchangeable game cartridges and the cabinets control panel can be easily switched out with different control sets, including dual joysticks, dual lightguns and a steering wheel.[CR]With the retirement of the aging Neo Geo MVS system, SNK Playmore chose the Atomiswave as its next system to develop games for. In a contract with Sammy, SNK Playmore agreed to develop five games for the Atomiswave system.</emu_comment>
		<emu_thumb>OGRLqjw.jpg</emu_thumb>
		<emu_banner>PQXd3E4.jpg</emu_banner>
		<emu_fanart>tpTBubq.jpg</emu_fanart>
		<emu_logo>gY76rh7.png</emu_logo>
		<emu_trailer>slBeCjsLqsg</emu_trailer>
	</header>
	<game name="Animal Basket">
		<description>Animal Basket</description>
		<rom crc="42813b59" name="naomi_aw2naomi/aw2naomi/Animal_Basket.zip" size="49645315" />
		<title_clean>Animal Basket</title_clean>
		<plot>Animal Basket (Hustle Tamaire Kyousou) mimics a game traditionally played at Japanese sports festivals.  In this game, the furry competitors fight over a single ball.  The goal is attached to another animal, adding to the challenge by having a moving target.  One major difference between the human and robot characters is that the robot characters can blow up (or lose all their power) if they are worked too hard during a game. That can happen if you constantly make them dive for a ball, run extra bases, or even if they get hit by a pitch. Under no stress whatsoever, some robots, especially pitchers, will naturally run out of power as the game progresses. When this happens, they will lose all their abilities and be useless, both offensively and defensively.</plot>
		<releasedate>01/24/2005</releasedate>
		<year>2005</year>
		<genre>Sports</genre>
		<studio>Sammy</studio>
		<nplayers>2</nplayers>
		<boxart1>8UHqFGG.jpg</boxart1>
		<snapshot1>sVn46A1.png</snapshot1>
		<snapshot2>CUKl5z3.png</snapshot2>
		<clearlogo1>vlHpFeJ.png</clearlogo1>
		<videoid>pytwFCGKVg</videoid>
	</game>
	<game name="Demolish Fist">
		<description>Demolish Fist</description>
		<rom crc="d5da2939" name="naomi_aw2naomi/aw2naomi/Demolish_Fist.zip" size="71081312" />
		<title_clean>Demolish Fist</title_clean>
		<plot>The player controls one of four characters: Enzo, Leoneer, Vanessa, or Undead. As you battle your way through various stages, there are many items which are available to use as a weapons against your enemies. Each player has their own assortment of moves and specials that they can unleash at will. Also, all four of these characters have the ability to use the awesome Vertigo technique!</plot>
		<year>2003</year>
		<genre>Action, Fighting</genre>
		<studio>Sammy</studio>
		<nplayers>2</nplayers>
		<boxart1>IhE9jQF.jpg</boxart1>
		<snapshot1>B7pcRoV.png</snapshot1>
		<snapshot2>IVl5SI4.png</snapshot2>
		<clearlogo1>1tqNc4L.png</clearlogo1>
		<fanart1>CGJUK8Z.jpg</fanart1>
		<videoid>lORa5-s1LjY</videoid>
	</game>
	<game name="Dirty Pigskin Football">
		<description>Dirty Pigskin Football</description>
		<rom crc="ed6afaef" name="naomi_aw2naomi/aw2naomi/Dirty_Pigskin_Football.zip" size="70779644" />
		<title_clean>Dirty Pigskin Football</title_clean>
		<plot>This is Football with a twist. Rather than regularly suited up football players each with their own set of morals, we have got a completely unique cast of players who don't know the meaning of the word. One of the featured teams is: The prisoners, in their traditional orange jail overalls. Then we have: The Hitman group, a group of assassins, all dressed in black suits and dark glasses, pleasant right? These men are all just urging to get their hands dirty. In total there are 12 teams in this game, various venues to play at, and the game also features a cool 4-player simultaneous play mode. With a play system that is easy to use, Pigskin welcomes all level of player to join in the action.</plot>
		<year>2004</year>
		<genre>Sports</genre>
		<studio>Sammy</studio>
		<nplayers>2</nplayers>
		<boxart1>pLNOVNT.jpg</boxart1>
		<boxart2>UUdGeEF.jpg</boxart2>
		<snapshot1>YGrO2vF.png</snapshot1>
		<snapshot2>Nm31Kn2.png</snapshot2>
		<clearlogo1>thMfdxl.png</clearlogo1>
		<fanart1>CfR3ko2.jpg</fanart1>
		<videoid>21k3brydMOM</videoid>
	</game>
	<game name="Dolphin Blue">
		<description>Dolphin Blue</description>
		<rom crc="ad9f8d9d" name="naomi_aw2naomi/aw2naomi/Dolphin_Blue.zip" size="63250018" />
		<title_clean>Dolphin Blue</title_clean>
		<plot>Dolphin Blue is a bit of an oddity. Developed and published by Sammy for their Atomiswave hardware, its a run-n-gun arcade game released in 2003, at a time when run-n-guns were mostly out of the mainstream. It's also very obviously inspired by Metal Slug, which was, not coincidentally, the only other run-and-gun series that was still on the marketplace at this point. You play as one of two characters - Eiro, an arms dealer who is looking for some action, or Ann, a soldier who is out to protect the local kingdom. Each of them also have their own pet dolphins, which are blue and pink, respectively. The game is set in the future, and a major incident has transformed what used to be a peaceful nation into a troubled land of waste and ruin, damaging the Earths surface and immersing most everything underwater. The heroes have to protect the Earths remains from an evil empire that wants to take over the world, and rescue a princess figure in the process. The premise was almost definitely inspired by Waterworld, a movie released a decade earlier.</plot>
		<year>2003</year>
		<genre>Shooter</genre>
		<studio>Sammy</studio>
		<nplayers>2</nplayers>
		<boxart1>Kq22lGe.jpg</boxart1>
		<boxart2>vZAEy8G.jpg</boxart2>
		<snapshot1>eh3Bm7V.png</snapshot1>
		<snapshot2>9DOjq0M.png</snapshot2>
		<clearlogo1>MusAu7Q.png</clearlogo1>
		<fanart1>ZJjNBjB.jpg</fanart1>
		<videoid>X9X3b789CLA</videoid>
	</game>
	<game name="Faster Than Speed">
		<description>Faster Than Speed</description>
		<rom crc="90efd49d" name="naomi_aw2naomi/aw2naomi/Faster_Than_Speed.zip" size="119436170" />
		<title_clean>Faster Than Speed</title_clean>
		<plot>Enter the exciting street-racing world of FASTER THAN SPEED where the winner rules and the loser walks! Hit the street with the most addictive driving experience of your life! Pick from 8 customized rides. FASTER THAN SPEED will take your players into the exotic, dim-lit, back streets of over 6 tracks challenging the quickest, the fastest, the baddest, and the most stocked racer conquers the asphalt! To take down your challenger, you need to burn the street with a variety of high-speed tricks.</plot>
		<year>2004</year>
		<genre>Racing</genre>
		<studio>Sammy</studio>
		<nplayers>1</nplayers>
		<boxart1>tgybo5m.jpg</boxart1>
		<snapshot1>R8Dlae5.png</snapshot1>
		<snapshot2>wqFdDbg.png</snapshot2>
		<clearlogo1>N7iWJ81.png</clearlogo1>
		<fanart1>pFJLT9Q.jpg</fanart1>
		<videoid>ZlJwA2MQzDw</videoid>
	</game>
	<game name="Fist of the North Star">
		<description>Fist of the North Star</description>
		<rom crc="9f42ec26" name="naomi_aw2naomi/aw2naomi/Fist_of_the_North_Star.zip" size="94697014" />
		<title_clean>Fist of the North Star</title_clean>
		<plot>The game is based on the eponymous manga and features 10 fighters: Kenshiro, Raoh, Toki, Jagi, Souther, Rei, Shin, Yuda, Mamiya and Heart</plot>
		<year>2005</year>
		<genre>Fighting</genre>
		<studio>Sega</studio>
		<nplayers>2</nplayers>
		<boxart1>KUszWU8.jpg</boxart1>
		<boxart2>woPUMYs.jpg</boxart2>
		<snapshot1>Vq0EALj.png</snapshot1>
		<snapshot2>1VskEQM.png</snapshot2>
		<clearlogo1>qCyWtyg.png</clearlogo1>
		<fanart1>xtnzImc.jpg</fanart1>
		<videoid>JbBZvGk-Rus</videoid>
	</game>
	<game name="Guilty Gear Isuka">
		<description>Guilty Gear Isuka</description>
		<rom crc="5c2cb45e" name="naomi_aw2naomi/aw2naomi/Guilty_Gear_Isuka.zip" size="104812679" />
		<title_clean>Guilty Gear Isuka</title_clean>
		<plot>The brilliant 2D wonder is back in all its glory! Guilty Gear has rocked the 2D world ever since its very first release. It has captured the attention of 2D lovers worldwide. The original, vast and complex system of this classic sets it apart from other one on one beat 'em ups, also along with it's great and definitive character design. Guilty Gear has many great features to its system. In Isuka you can now play up to 4 players simultaneously. You can either go against 3 other opponents alone to test your individual skills, or pair up with a partner and go head to head against an opposing team. The choice is yours. Now the level of excitement can be taken up yet again with this great new version called Guilty Gear Isuka!</plot>
		<year>2004</year>
		<genre>Fighting</genre>
		<studio>Sammy</studio>
		<nplayers>2</nplayers>
		<boxart1>ZggyZAr.jpg</boxart1>
		<boxart2>62451mf.jpg</boxart2>
		<snapshot1>3EMrPxY.png</snapshot1>
		<snapshot2>UFCVIQF.png</snapshot2>
		<clearlogo1>LLLdKca.png</clearlogo1>
		<fanart1>F52gWEE.jpg</fanart1>
		<videoid>BuMbaL3EGgE</videoid>
	</game>
	<game name="Guilty Gear X">
		<description>Guilty Gear X</description>
		<rom crc="a97dcc48" name="naomi_aw2naomi/aw2naomi/Guilty_Gear_X.zip" size="91582771" />
		<title_clean>Guilty Gear X</title_clean>
		<plot>When the humans created artificial beings named "gears" in 22th century, they didn't expect that their creation will eventually turn against them. Because gears had no will of their own and could only obey humans. Only one gear, named Justice, was able to transfer his will onto other gears and to rebel against the humans. In year 2180, Justice was killed as a result of a bloody tournament organized by the Sacred Order of Holy Knights. Yet recently, a new gear was discovered. He showed no signs of hostility, yet he had no master and was roaming about free. It was impossible to capture or to kill him because he was immensely strong. Fearing a new Justice will grow out of this gear, the Order organized yet another tournament, this time with a solid prize: five hundred thousand world dollars for the winner. Guilty Gear X is a follow up to Guilty Gear, and is also a 2D fighting game. There are now 16 characters available for you to choose. The battle system became more complicated, thanks to the variety of moves you can perform. Beside special attacks which you can execute if you build up your Tension Gauge by attacking or advancing towards your opponent, there is also a variety of defensing moves to perform. The instant kill moves are back from the previous game.</plot>
		<year>2003</year>
		<genre>Fighting</genre>
		<studio>Sammy</studio>
		<nplayers>2</nplayers>
		<boxart1>Rudo95z.jpg</boxart1>
		<boxart2>66ZCok9.jpg</boxart2>
		<snapshot1>JrYxbI0.png</snapshot1>
		<snapshot2>h2NcM7u.png</snapshot2>
		<clearlogo1>0oetSig.png</clearlogo1>
		<fanart1>7dbHn24.jpg</fanart1>
		<videoid>I_pEtOIDt2c</videoid>
	</game>
	<game name="King of Fighters Neowave">
		<description>King of Fighters Neowave</description>
		<rom crc="68c7850b" name="naomi_aw2naomi/aw2naomi/King_of_Fighters_Neowave.zip" size="98497757" />
		<title_clean>King of Fighters Neowave</title_clean>
		<plot>The King of Fighters Neowave is a 2004 2D competitive fighting game produced by SNK Playmore and originally released as a coin-operated arcade game for Sammy's Atomiswave hardware. It was the first game SNK Playmore produced for the Atomiswave. An offshoot of The King of Fighters series, it is not counted in the main series numbering.</plot>
		<year>2004</year>
		<genre>Fighting</genre>
		<studio>SNK</studio>
		<nplayers>2</nplayers>
		<boxart1>7XkYMdU.jpg</boxart1>
		<snapshot1>qeIV2hd.png</snapshot1>
		<snapshot2>3g3ZoPn.png</snapshot2>
		<clearlogo1>jIuLrWN.png</clearlogo1>
		<fanart1>ciURFHI.jpg</fanart1>
		<videoid>6FW2qB82t-M</videoid>
	</game>
	<game name="King of Fighters XI">
		<description>King of Fighters XI</description>
		<rom crc="e29eda1d" name="naomi_aw2naomi/aw2naomi/King_of_Fighters_XI.zip" size="184980857" />
		<title_clean>King of Fighters XI</title_clean>
		<plot>The King of Fighters XI is a 2D fighting game produced by SNK Playmore originally released in 2005 as a coin-operated arcade game for the Atomiswave platform. It is the eleventh official installment in The King of Fighters series following The King of Fighters 2003, although The King of Fighters Neowave was previously released for the same platform.</plot>
		<year>2005</year>
		<genre>Fighting</genre>
		<studio>SNK</studio>
		<nplayers>2</nplayers>
		<boxart1>X6yZUp7.jpg</boxart1>
		<clearlogo1>c2nrLjv.png</clearlogo1>
		<fanart1>nqqQA9E.jpg</fanart1>
		<videoid>PZPuQeOeBhk</videoid>
	</game>
	<game name="Knights of Valour Seven Spirits">
		<description>Knights of Valour Seven Spirits</description>
		<rom crc="29c7c1d3" name="naomi_aw2naomi/aw2naomi/Knights_of_Valour_Seven_Spirits.zip" size="40822951" />
		<title_clean>Knights of Valour Seven Spirits</title_clean>
		<plot>Knights of Valour is a very classic, famous Sango story based, 2.5D side-scrolling action game series in the arcade market, developed by the Taiwan International Games System Co., Ltd. (IGS) adapting from one of the Chinese Four Great Classical Novels, with many models and versions.[CR]New Knights of Valour The Seven Spirits is a sequel of KoV series released by IGS together with Sammy and Atomiswave. In KoV 3, a big feature is switched the hitting method to a new "press keys in rhyme". In laymans terms that means the every hit is pressed out using buttons, which is not shaken out using the rocker as usual other Knights of Valour series.</plot>
		<year>2003</year>
		<genre>Fighting</genre>
		<studio>IGS</studio>
		<nplayers>2</nplayers>
		<boxart1>7HJVjS3.jpg</boxart1>
		<snapshot1>AVefVNe.jpg</snapshot1>
		<clearlogo1>6TvBXFS.png</clearlogo1>
		<fanart1>0Lnj7Ut.jpg</fanart1>
		<videoid>8v8ObiQU0G0</videoid>
	</game>
	<game name="Maximum Speed">
		<description>Maximum Speed</description>
		<rom crc="67925525" name="naomi_aw2naomi/aw2naomi/Maximum_Speed.zip" size="87120328" />
		<title_clean>Maximum Speed</title_clean>
		<plot>Maximum Speed is a racing game in similar style to Daytona USA. You can choose to drive either trucks, stock cars, or Formula 1 vehicles.</plot>
		<year>2003</year>
		<genre>Racing</genre>
		<studio>Sammy</studio>
		<nplayers>1</nplayers>
		<boxart1>cU6iy8u.jpg</boxart1>
		<snapshot1>YlkOCUe.png</snapshot1>
		<snapshot2>ddwxPur.png</snapshot2>
		<clearlogo1>TferUSc.png</clearlogo1>
		<videoid>ZcBTwW6R5kI</videoid>
	</game>
	<game name="Metal Slug 6">
		<description>Metal Slug 6</description>
		<rom crc="8b236f47" name="naomi_aw2naomi/aw2naomi/Metal_Slug_6.zip" size="155031754" />
		<title_clean>Metal Slug 6</title_clean>
		<plot>Negotiations have broken off and hostages have been taken! Your country needs a highly trained mercenary to neutralize the enemy and free the hostages. Metal Slug 6 is a 1 or 2 player game with continuous buy-in. It is the first installment of the series developed on Sega's arcade hardware system. Metal Slug 6 includes 6 characters, with two new being Ralph and Clark from the King of Fighters series. Plus, two new player control buttons have been added to allow for greater control over the action!</plot>
		<year>2006</year>
		<genre>Action, Shooter</genre>
		<studio>SNK</studio>
		<nplayers>2</nplayers>
		<boxart1>tRKnCQw.jpg</boxart1>
		<snapshot1>sd2j1FX.png</snapshot1>
		<snapshot2>gHgTvrG.png</snapshot2>
		<clearlogo1>GE085Wy.png</clearlogo1>
		<fanart1>8oeF3RQ.jpg</fanart1>
		<videoid>hBV21g5FXr8</videoid>
	</game>
	<game name="Metal Slug 6 (Blood)">
		<description>Metal Slug 6 (Blood)</description>
		<rom crc="781782b6" name="naomi_aw2naomi/aw2naomi/Metal_Slug_6_Blood.zip" size="155031810" />
		<title_clean>Metal Slug 6</title_clean>
		<plot>Metal Slug 6 Blood Hack.[CR]Negotiations have broken off and hostages have been taken! Your country needs a highly trained mercenary to neutralize the enemy and free the hostages. Metal Slug 6 is a 1 or 2 player game with continuous buy-in. It is the first installment of the series developed on Sega's arcade hardware system. Metal Slug 6 includes 6 characters, with two new being Ralph and Clark from the King of Fighters series. Plus, two new player control buttons have been added to allow for greater control over the action!</plot>
		<year>2006</year>
		<genre>Action, Shooter</genre>
		<studio>SNK</studio>
		<nplayers>2</nplayers>
		<boxart1>j4GFcHg.jpg</boxart1>
		<snapshot1>sd2j1FX.png</snapshot1>
		<snapshot2>gHgTvrG.png</snapshot2>
		<clearlogo1>GE085Wy.png</clearlogo1>
		<fanart1>8oeF3RQ.jpg</fanart1>
		<videoid>zCjZU338C0M</videoid>
	</game>
	<game name="Neo Geo Battle Colliseum">
		<description>Neo Geo Battle Colliseum</description>
		<rom crc="8ae76392" name="naomi_aw2naomi/aw2naomi/Neo_Geo_Battle_Colliseum.zip" size="160179771" />
		<title_clean>Neo Geo Battle Colliseum</title_clean>
		<plot>NeoGeo Battle Coliseum is a 2-on-2 tag team fighting game for the Atomiswave arcade board developed and released by SNK in 2005. The game features characters from several SNK and ADK titles.</plot>
		<year>2005</year>
		<genre>Fighting</genre>
		<studio>SNK</studio>
		<nplayers>2</nplayers>
		<boxart1>MpA9h9D.jpg</boxart1>
		<snapshot1>1qaj8WN.png</snapshot1>
		<snapshot2>j6792Ch.png</snapshot2>
		<clearlogo1>XZrv5cR.png</clearlogo1>
		<fanart1>0f5Mh1l.jpg</fanart1>
		<videoid>755KWYd09hY</videoid>
	</game>
	<game name="Rumble Fish">
		<description>Rumble Fish</description>
		<rom crc="0b184939" name="naomi_aw2naomi/aw2naomi/Rumble_Fish.zip" size="56955460" />
		<title_clean>Rumble Fish</title_clean>
		<plot>The Rumble Fish is a 2D fighting game developed by Dimps and first published by Sammy for the Atomiswave arcade platform in 2004.  The game takes place in the distant future during the 21st century. During the turn of the 21st century, a large-scale natural disaster tears through the eastern side of an unverified country, destroying its economical and political operations and taking a total of 158,000 lives. A prominent corporation in the series, called PROBE-NEXUS, moves its base of operations to the ruined east side and begins reconstructing the area. The rebuilt area flourishes again as it becomes a wealthy and busy city known as Zone Prime, which serves as the backdrop for many locales in the game.</plot>
		<year>2004</year>
		<genre>Fighting</genre>
		<studio>Sammy</studio>
		<nplayers>2</nplayers>
		<boxart1>GYq0khk.jpg</boxart1>
		<snapshot1>K6dB78F.png</snapshot1>
		<snapshot2>9SjVOgw.png</snapshot2>
		<clearlogo1>Gc1Xc3n.png</clearlogo1>
		<fanart1>bVG78PU.jpg</fanart1>
		<videoid>_3xXa406MiI</videoid>
	</game>
	<game name="Rumble Fish 2">
		<description>Rumble Fish 2</description>
		<rom crc="085e5cad" name="naomi_aw2naomi/aw2naomi/Rumble_Fish_2.zip" size="90921620" />
		<title_clean>Rumble Fish 2</title_clean>
		<plot>The Rumble Fish 2 is a 2D fighting game for the Atomiswave arcade platform. The Rumble Fish 2 uses all of the elements from the first game and adds some new ones. The Offense and Defense gauges have been divided into three sections each, allowing for more usage of Offensive and Defensive Arts, as well as techniques tied to each gauge. An addition to the system is the Boost Dive, which puts each character into a powered-up state according to their style. Most characters have had modifications to their movelists in some way, such as new moves and new commands for old moves.</plot>
		<year>2005</year>
		<genre>Fighting</genre>
		<studio>Sammy</studio>
		<nplayers>2</nplayers>
		<boxart1>OlD91iJ.jpg</boxart1>
		<snapshot1>OIicQUi.png</snapshot1>
		<snapshot2>z6sMhHP.png</snapshot2>
		<clearlogo1>lAkZKLf.png</clearlogo1>
		<videoid>9uGaG_Cpcck</videoid>
	</game>
	<game name="Salary Man">
		<description>Salary Man</description>
		<rom crc="dab9739a" name="naomi_aw2naomi/aw2naomi/Salary_Man.zip" size="59262029" />
		<title_clean>Salary Man</title_clean>
		<plot>Salaryman Kintarou is an Action game, developed and published by Sammy Studios, which was released in Japan in 2004.</plot>
		<year>2004</year>
		<genre>Action</genre>
		<studio>Sammy</studio>
		<nplayers>2</nplayers>
		<boxart1>fPz92ux.jpg</boxart1>
		<snapshot1>iZC2J58.png</snapshot1>
		<snapshot2>t236x1a.png</snapshot2>
		<clearlogo1>zVyyIJ6.png</clearlogo1>
		<fanart1>RGBP6aU.jpg</fanart1>
		<videoid>0OQRQqyfw3M</videoid>
	</game>
	<game name="Samurai Showdown VI">
		<description>Samurai Showdown VI</description>
		<rom crc="4209f91e" name="naomi_aw2naomi/aw2naomi/Samurai_Showdown_VI.zip" size="152031968" />
		<title_clean>Samurai Showdown VI</title_clean>
		<plot>Samurai Spirits Tenkaichi Kenkakuden is a dream match game which features the entire cast from Samurai Shodown V Special, seven returning characters from Samurai Shodown and Samurai Shodown II, and several new characters added to the Playstation 2 port of the game. The story is parallel to Samurai Shodown V; Yoshitora decides to find out who the strongest fighter in the world is, so a tournament is then organized with this purpose. The game is similar to the Samurai Showdown V Special; however, the player is now capable of using one of six different fighting systems, all of which have their own advantages and disadvantages. Items like bombs and rocks can also be picked up and thrown at the enemy.</plot>
		<year>2005</year>
		<genre>Fighting</genre>
		<studio>SNK</studio>
		<nplayers>2</nplayers>
		<boxart1>12CE7db.jpg</boxart1>
		<boxart2>8EFqSvy.jpg</boxart2>
		<snapshot1>OSfUWdY.png</snapshot1>
		<snapshot2>s6NwNr8.png</snapshot2>
		<clearlogo1>NB8J1wL.png</clearlogo1>
		<videoid>46JlWMzSIpQ</videoid>
	</game>
	<game name="Sega Bass Fishing Challenge">
		<description>Sega Bass Fishing Challenge</description>
		<rom crc="99bc12f8" name="naomi_aw2naomi/aw2naomi/Sega_Bass_Fishing_Challenge.zip" size="66157848" />
		<title_clean>Sega Bass Fishing Challenge</title_clean>
		<plot>Sega Bass Fishing Challenge is the latest entry in the Sega Bass Fishing series. It was released for the Atomiswave arcade platform in 2009 and was released for iOS devices in autumn 2011.</plot>
		<year>2009</year>
		<genre>Sports</genre>
		<studio>Sega</studio>
		<nplayers>1</nplayers>
		<boxart1>5bBc54H.jpg</boxart1>
		<boxart2>r6bxD2L.jpg</boxart2>
		<fanart1>36joEOp.jpg</fanart1>
		<videoid>MPgvxoRQUJg</videoid>
	</game>
	<game name="Sega Clay Challenge">
		<description>Sega Clay Challenge</description>
		<rom crc="c60e370e" name="naomi_aw2naomi/aw2naomi/Sega_Clay_Challenge.zip" size="67645469" />
		<title_clean>Sega Clay Challenge</title_clean>
		<plot>Sega Clay Challenge is a Atomiswave light gun game released by Sega in 2008. It was also sold as a conversion kit for Extreme Hunting, Extreme Hunting 2, Ranger Mission or Sports Shooting USA - any Atomiswave game which is compatible with the Sega NAOMI universal upright cabinet (with light guns).</plot>
		<year>2008</year>
		<genre>Sports</genre>
		<studio>Sega</studio>
		<nplayers>1</nplayers>
		<boxart1>LccA4Jx.jpg</boxart1>
		<clearlogo1>dI3za7k.png</clearlogo1>
		<fanart1>mYnrEYu.jpg</fanart1>
		<videoid>awN5rO8m3OQ</videoid>
	</game>
	<game name="Sports Shooting USA">
		<description>Sports Shooting USA</description>
		<rom crc="a58252cd" name="naomi_aw2naomi/aw2naomi/Sports_Shooting_USA.zip" size="99988317" />
		<title_clean>Sports Shooting USA</title_clean>
		<plot>Sport Shooting USA is a competitive 1 to 2 player shooting game where players, using optical guns, must shoot a number of required on-screen targets within a certain time limit to qualify and proceed to next round.</plot>
		<year>2003</year>
		<genre>Sports</genre>
		<studio>Sammy</studio>
		<nplayers>2</nplayers>
		<boxart1>H81jMO2.jpg</boxart1>
		<snapshot1>QxRsgKy.png</snapshot1>
		<snapshot2>rFKMdUN.png</snapshot2>
		<clearlogo1>jOM0kIv.png</clearlogo1>
		<fanart1>OkbvktQ.jpg</fanart1>
		<videoid>Vl26hCg5h2k</videoid>
	</game>
	<game name="Sushi Bar">
		<description>Sushi Bar</description>
		<rom crc="2ba2d27d" name="naomi_aw2naomi/aw2naomi/Sushi_Bar.zip" size="81416599" />
		<title_clean>Sushi Bar</title_clean>
		<plot>So you aspire to become a sushi chef? Here you challenge your opponent in epic sushi battles! Culinary fights in the vein of Puzzle Fighter.</plot>
		<year>2003</year>
		<genre>Puzzle, Fighter</genre>
		<studio>Sammy</studio>
		<nplayers>2</nplayers>
		<boxart1>Oo3GBhT.jpg</boxart1>
		<snapshot1>p1C0dH8.jpg</snapshot1>
		<snapshot2>8CxVyNX.jpg</snapshot2>
		<clearlogo1>r0PRpLO.png</clearlogo1>
		<videoid>i_iFH-OYrAc</videoid>
	</game>
</datafile>