<?xml version="1.0" encoding="UTF-8"?>
<datafile>
	<header>
		<emu_name>Doom</emu_name>
		<emu_description>Standalone Game</emu_description>
		<emu_category>Port</emu_category>
		<emu_version>04012018</emu_version>
		<emu_date>9/14/2016</emu_date>
		<emu_author>Lefty420</emu_author>
		<emu_visibility>visible</emu_visibility>
		<emu_homepage>https://archive.org</emu_homepage>
		<emu_baseurl>https://archive.org/download/</emu_baseurl>
		<emu_launcher>retroplayer</emu_launcher>
		<emu_default_addon>none</emu_default_addon>
		<emu_ext_launch_cmd>none</emu_ext_launch_cmd>
		<emu_downloadpath>default</emu_downloadpath>
		<emu_postdlaction>unzip_to_folder_and_launch_file</emu_postdlaction>
		<emu_comment>Doom and Doom II Shareware Versions plus mod versions of Doom</emu_comment>
		<emu_thumb>Ow2yRG0.jpg</emu_thumb>
		<emu_banner>8kceD3y.jpg</emu_banner>
		<emu_fanart>22s811K.jpg</emu_fanart>
		<emu_logo>qfsEaC0.png</emu_logo>
		<emu_trailer>BkaC1-QoraY</emu_trailer>
	</header>
	<game name="Doom">
		<description>Doom</description>
		<rom name="PRBooms/Doom.zip" size="1681671" />
		<title_clean>Doom</title_clean>
		<plot>Doom (stylized as DOOM) is a series of first-person shooter video games developed by id Software. The series focuses on the exploits of an unnamed space marine operating under the auspices of Union Aerospace Corporation (UAC), who fights hordes of demons and the undead in order to survive.[CR]Doom is considered to be one of the pioneering first-person shooter games, introducing to IBM-compatible computers features such as 3D graphics, third-dimension spatiality, networked multiplayer gameplay, and support for player-created modifications with the Doom WAD format. Since the release of Doom in 1993, the series has spawned numerous sequels, expansion packs, and a film.[CR]Since its debut, over 10 million copies of games in the Doom series have been sold.</plot>
		<releasedate>10/12/1993</releasedate>
		<year>1993</year>
		<genre>FPS</genre>
		<nplayers>1</nplayers>
		<thegamesdb_id>745</thegamesdb_id>
		<videoid>yr-lQZzevwA</videoid>
		<giantbomb_url>http://www.giantbomb.com/doom/3025-156/</giantbomb_url>
		<boxart1>Ow2yRG0.jpg</boxart1>
		<banner1>qTdlslF.jpg</banner1>
		<emu_command>doom1.wad</emu_command>
	</game>
	<game name="Doom with Soundrack">
		<description>Doom with Soundrack</description>
		<rom name="PRBooms/Doom_music.zip" size="284971046" />
		<title_clean>Doom with Soundtrack</title_clean>
		<plot>Doom (stylized as DOOM) is a series of first-person shooter video games developed by id Software. The series focuses on the exploits of an unnamed space marine operating under the auspices of Union Aerospace Corporation (UAC), who fights hordes of demons and the undead in order to survive.[CR]Doom is considered to be one of the pioneering first-person shooter games, introducing to IBM-compatible computers features such as 3D graphics, third-dimension spatiality, networked multiplayer gameplay, and support for player-created modifications with the Doom WAD format. Since the release of Doom in 1993, the series has spawned numerous sequels, expansion packs, and a film.[CR]Since its debut, over 10 million copies of games in the Doom series have been sold.[CR]This version contains an enhanced soundrack.</plot>
		<releasedate>10/12/1993</releasedate>
		<year>1993</year>
		<genre>FPS</genre>
		<nplayers>1</nplayers>
		<thegamesdb_id>745</thegamesdb_id>
		<videoid>yr-lQZzevwA</videoid>
		<giantbomb_url>http://www.giantbomb.com/doom/3025-156/</giantbomb_url>
		<boxart1>Ow2yRG0.jpg</boxart1>
		<banner1>qTdlslF.jpg</banner1>
		<emu_command>doom1.wad</emu_command>
	</game>
	<game name="Doom II">
		<description>Doom II</description>
		<rom name="PRBooms/Doom_II.zip" size="5844832" />
		<title_clean>Doom II</title_clean>
		<plot>Doom II: Hell on Earth is a first-person shooter video game, the second title of id Software's Doom franchise.  It was originally released for MS-DOS computers in 1994 and Macintosh computers in 1995. Unlike Doom, which was initially only available through shareware and mail order, Doom II was a commercial release sold in stores. Master Levels for Doom II, an expansion pack that includes 21 new levels, was released on December 26, 1995 by id Software.[CR]Due to its success and popularity, Doom II was later released for the Game Boy Advance in 2002, the Tapwave Zodiac in 2004, and on Xbox Live Arcade in 2010. The release of the original Doom source code has facilitated ports to many other platforms, including the Apple iPhone and several other types of cellphones. On August 13, during the QuakeCon 2009 media conference, it was announced that Doom II would be ported to Xbox Live Arcade, and was released in May the following year.</plot>
		<releasedate>10/12/1993</releasedate>
		<year>1993</year>
		<genre>FPS</genre>
		<nplayers>1</nplayers>
		<thegamesdb_id>745</thegamesdb_id>
		<videoid>Vh9nzvgJYFo</videoid>
		<giantbomb_url>http://www.giantbomb.com/doom/3025-156/</giantbomb_url>
		<boxart1>EJv0DHY.jpg</boxart1>
		<banner1>pFBeysD.jpg</banner1>
		<emu_command>Doom2.wad</emu_command>
	</game>
	<game name="Doom II with Soundrack">
		<description>Doom II with Soundrack</description>
		<rom name="PRBooms/Doom_II_music.zip" size="289134707" />
		<title_clean>Doom II with Soundtrack</title_clean>
		<plot>Doom II: Hell on Earth is a first-person shooter video game, the second title of id Software's Doom franchise.  It was originally released for MS-DOS computers in 1994 and Macintosh computers in 1995. Unlike Doom, which was initially only available through shareware and mail order, Doom II was a commercial release sold in stores. Master Levels for Doom II, an expansion pack that includes 21 new levels, was released on December 26, 1995 by id Software.[CR]Due to its success and popularity, Doom II was later released for the Game Boy Advance in 2002, the Tapwave Zodiac in 2004, and on Xbox Live Arcade in 2010. The release of the original Doom source code has facilitated ports to many other platforms, including the Apple iPhone and several other types of cellphones. On August 13, during the QuakeCon 2009 media conference, it was announced that Doom II would be ported to Xbox Live Arcade, and was released in May the following year.[CR]This version contains an enhanced soundrack.</plot>
		<releasedate>10/12/1993</releasedate>
		<year>1993</year>
		<genre>FPS</genre>
		<nplayers>1</nplayers>
		<thegamesdb_id>745</thegamesdb_id>
		<videoid>Vh9nzvgJYFo</videoid>
		<giantbomb_url>http://www.giantbomb.com/doom/3025-156/</giantbomb_url>
		<boxart1>EJv0DHY.jpg</boxart1>
		<banner1>pFBeysD.jpg</banner1>
		<emu_command>Doom2.wad</emu_command>
	</game>
	<game name="Doom II - The Plutonia Experiment">
		<description>Doom II - The Plutonia Experiment</description>
		<rom name="PRBooms/Doom_plutonia.zip" size="6887765" />
		<title_clean>Doom The Plutonia Experiment</title_clean>
		<plot>In The Plutonia Experiment, after Hells catastrophic invasion of Earth, the global governments decide to take measures against any possible future invasion, knowing that the powers of Hell still remained strong. The UAC is refounded under completely new management (the old trustees and stockholders were all dead anyway) and aims at developing tools that would prevent demonic invasions.[CR]The scientists start working on a device known as the Quantum Accelerator that is intended to close invasion Gates and stop possible invasions. The experiments are carried out in a secret research complex, with a stationed detachment of marines. The work seems to be going well but the creatures from Outside have their attention drawn towards the new research. A Gate opens in the heart of the complex and unnatural horrors pour out. The Quantum Accelerator performs superbly: the Gate is quickly closed and the invasion is stopped. Research continues more boldly.[CR]On the next day, a ring of 7 Gates opens and an even greater invasion begins. For one hour the Quantum Accelerators manage to close 6 of the Gates, but the Hellish army has become too numerous and too strong. The complex is overrun. Everyone is slain, or zombified. The last Gate of Hell remains open, manned and guarded by a Gatekeeper: a powerful, enormous and ancient demon that has the power to open Dimensional Gates and control or protect them.[CR]The government, frantic that the Quantum Accelerator will be destroyed or used against humanity, orders all marines to the site at once. The player, the nameless space marine, was on leave at the beach. He was also closest to the site and gets there first. There he discovers that there is much demonic activity (howling, chanting, machine sounds) within the complex; the Gatekeeper is obviously working on something, and his work would soon reach some awful climax. He also realizes that when the marines arrive, they would not be able to penetrate the heavily infested complex, despite the firepower and support they will have. The marine decides to enter the complex and stop the Gatekeeper alone.</plot>
		<releasedate>11/1/1995</releasedate>
		<year>1995</year>
		<genre>FPS</genre>
		<nplayers>1</nplayers>
		<videoid>EUBUYWIZUpE</videoid>
		<thegamesdb_id>8986</thegamesdb_id>
		<giantbomb_url>https://www.giantbomb.com/final-doom/3030-750/</giantbomb_url>
		<boxart1>eyOKV7B.jpg</boxart1>
		<boxart2>Ad0SoeO.jpg</boxart2>
		<banner1>pFBeysD.jpg</banner1>
		<fanart1>umV7bUi.jpg</fanart1>
		<emu_command>plutonia.wad</emu_command>
	</game>
	<game name="Doom II - The Plutonia Experiment with Soundtrack">
		<description>Doom II - The Plutonia Experiment with Soundtrack</description>
		<rom name="PRBooms/Doom_plutonia_music.zip" size="283365790" />
		<title_clean>Doom The Plutonia Experiment with Soundtrack</title_clean>
		<plot>In The Plutonia Experiment, after Hells catastrophic invasion of Earth, the global governments decide to take measures against any possible future invasion, knowing that the powers of Hell still remained strong. The UAC is refounded under completely new management (the old trustees and stockholders were all dead anyway) and aims at developing tools that would prevent demonic invasions.[CR]The scientists start working on a device known as the Quantum Accelerator that is intended to close invasion Gates and stop possible invasions. The experiments are carried out in a secret research complex, with a stationed detachment of marines. The work seems to be going well but the creatures from Outside have their attention drawn towards the new research. A Gate opens in the heart of the complex and unnatural horrors pour out. The Quantum Accelerator performs superbly: the Gate is quickly closed and the invasion is stopped. Research continues more boldly.[CR]On the next day, a ring of 7 Gates opens and an even greater invasion begins. For one hour the Quantum Accelerators manage to close 6 of the Gates, but the Hellish army has become too numerous and too strong. The complex is overrun. Everyone is slain, or zombified. The last Gate of Hell remains open, manned and guarded by a Gatekeeper: a powerful, enormous and ancient demon that has the power to open Dimensional Gates and control or protect them.[CR]The government, frantic that the Quantum Accelerator will be destroyed or used against humanity, orders all marines to the site at once. The player, the nameless space marine, was on leave at the beach. He was also closest to the site and gets there first. There he discovers that there is much demonic activity (howling, chanting, machine sounds) within the complex; the Gatekeeper is obviously working on something, and his work would soon reach some awful climax. He also realizes that when the marines arrive, they would not be able to penetrate the heavily infested complex, despite the firepower and support they will have. The marine decides to enter the complex and stop the Gatekeeper alone.[CR]This version contains an enhanced soundrack.</plot>
		<releasedate>11/1/1995</releasedate>
		<year>1995</year>
		<genre>FPS</genre>
		<nplayers>1</nplayers>
		<videoid>EUBUYWIZUpE</videoid>
		<thegamesdb_id>8986</thegamesdb_id>
		<giantbomb_url>https://www.giantbomb.com/final-doom/3030-750/</giantbomb_url>
		<boxart1>eyOKV7B.jpg</boxart1>
		<boxart2>Ad0SoeO.jpg</boxart2>
		<banner1>pFBeysD.jpg</banner1>
		<fanart1>umV7bUi.jpg</fanart1>
		<emu_command>plutonia.wad</emu_command>
	</game>
		<game name="Doom II - TNT Evilution">
		<description>Doom II - TNT Evilution</description>
		<rom name="PRBooms/Doom_plutonia.zip" size="7308943" />
		<title_clean>Doom TNT Evilution</title_clean>
		<plot>In TNT: Evilution the UAC once again are intent on developing and experimenting with dimensional gateway technology. They set up a base on one of the moons of Jupiter, with a solid detachment of space marines for protection. The marines do their job well: when the first experimental gateway is opened they annihilate the forces of Hell. Anything that came through the gateway was immediately destroyed by the marines, and so research on the gateways continued.[CR]Later, the yearly supply ship came earlier than expected, and looks strange and unusually large on the radar. The personnel of the base go out to behold the terrible truth: it is a spaceship from Hell, built of steel, stone, flesh, bone and corruption. The ship's enormous gates open to unleash a rain of demons on the base. Quickly, the whole base is overrun, and everyone is slain or zombified.[CR]The Doomguy, now in command of the marine deployment, has been away on a walk, and has thus escaped death or zombification. After being attacked by an imp he rushes back to the base, where he sees the demonic spaceship still hovering above it and realizes what has happened. Then he swears that he will seek vengeance for his slain troops, and sets out to kill as many evil creatures as possible.[CR]In the end, the marine defeats the Demon-Spitter, and the game describes Something rumbles in the distance. A blue light begins to glow inside the ruined skull of the Demon-Spitter.</plot>
		<releasedate>6/17/1996</releasedate>
		<year>1995</year>
		<genre>FPS</genre>
		<nplayers>1</nplayers>
		<videoid>Yg9yIsSj-yU</videoid>
		<thegamesdb_id>8986</thegamesdb_id>
		<giantbomb_url>https://www.giantbomb.com/final-doom/3030-750/</giantbomb_url>
		<boxart1>eyOKV7B.jpg</boxart1>
		<boxart2>Ad0SoeO.jpg</boxart2>
		<banner1>pFBeysD.jpg</banner1>
		<fanart1>jjQ5xvr.jpg</fanart1>
		<emu_command>tnt.wad</emu_command>
	</game>
	<game name="Doom II - TNT Evilution with Soundtrack">
		<description>Doom II - TNT Evilution with Soundtrack</description>
		<rom name="PRBooms/Doom_plutonia_music.zip" size="290613855" />
		<title_clean>Doom TNT Evilution with Soundtrack</title_clean>
		<plot>In TNT: Evilution the UAC once again are intent on developing and experimenting with dimensional gateway technology. They set up a base on one of the moons of Jupiter, with a solid detachment of space marines for protection. The marines do their job well: when the first experimental gateway is opened they annihilate the forces of Hell. Anything that came through the gateway was immediately destroyed by the marines, and so research on the gateways continued.[CR]Later, the yearly supply ship came earlier than expected, and looks strange and unusually large on the radar. The personnel of the base go out to behold the terrible truth: it is a spaceship from Hell, built of steel, stone, flesh, bone and corruption. The ship's enormous gates open to unleash a rain of demons on the base. Quickly, the whole base is overrun, and everyone is slain or zombified.[CR]The Doomguy, now in command of the marine deployment, has been away on a walk, and has thus escaped death or zombification. After being attacked by an imp he rushes back to the base, where he sees the demonic spaceship still hovering above it and realizes what has happened. Then he swears that he will seek vengeance for his slain troops, and sets out to kill as many evil creatures as possible.[CR]In the end, the marine defeats the Demon-Spitter, and the game describes Something rumbles in the distance. A blue light begins to glow inside the ruined skull of the Demon-Spitter.[CR]This version contains an enhanced soundrack.</plot>
		<releasedate>6/17/1996</releasedate>
		<year>1996</year>
		<genre>FPS</genre>
		<nplayers>1</nplayers>
		<videoid>Yg9yIsSj-yU</videoid>
		<thegamesdb_id>8986</thegamesdb_id>
		<giantbomb_url>https://www.giantbomb.com/final-doom/3030-750/</giantbomb_url>
		<boxart1>eyOKV7B.jpg</boxart1>
		<boxart2>Ad0SoeO.jpg</boxart2>
		<banner1>pFBeysD.jpg</banner1>
		<fanart1>jjQ5xvr.jpg</fanart1>
		<emu_command>tnt.wad</emu_command>
	</game>
</datafile>