{
  "id": "areadocumental",
  "name": "Area-Documental",
  "language": ["cast", "lat"],
  "adult": false,
  "active": true,
  "banner": "areadocumental.png",
  "thumbnail": "areadocumental.png",
  "fanart": "http://i.imgur.com/Q7fsFI6.png",
  "categories": [
    "documentary"
  ],
  "settings": [
    {
      "id": "include_in_global_search",
      "type": "bool",
      "label": "Incluir en busqueda global",
      "default": true,
      "enabled": true,
      "visible": true
    },
    {
      "id": "include_in_newest_documentales",
      "type": "bool",
      "label": "Incluir en Novedades - Documentales",
      "default": true,
      "enabled": true,
      "visible": true
    },
    {
      "id": "perfil",
      "type": "list",
      "label": "Perfil de color",
      "default": 3,
      "enabled": true,
      "visible": true,
      "lvalues": [
        "Sin color",
        "Perfil 3",
        "Perfil 2",
        "Perfil 1"
      ]
    }
  ]
}
