{
  "id": "cinedetodo",
  "name": "Cinedetodo",
  "active": true,
  "adult": false,
  "language": ["lat"],
  "thumbnail": "https://i.imgur.com/R2fAQz5.png",
  "banner": "",
  "version": 1,
  "categories": [
    "movie",
    "tvshow",
    "vos"
  ],
  "settings": [
    {
      "id": "orden_episodios",
      "type": "bool",
      "label": "Mostrar los episodios de las series en orden descendente",
      "default": false,
      "enabled": true,
      "visible": true
    },
    {
      "id": "include_in_global_search",
      "type": "bool",
      "label": "Incluir en busqueda global",
      "default": true,
      "enabled": true,
      "visible": true
    },
    {
      "id": "include_in_newest_peliculas",
      "type": "bool",
      "label": "Incluir en Novedades - Peliculas",
      "default": true,
      "enabled": true,
      "visible": true
    },
    {
      "id": "include_in_newest_infantiles",
      "type": "bool",
      "label": "Incluir en Novedades - Infantiles",
      "default": true,
      "enabled": true,
      "visible": true
    },
    {
      "id": "include_in_newest_terror",
      "type": "bool",
      "label": "Incluir en Novedades - terror",
      "default": true,
      "enabled": true,
      "visible": true
    }
  ]
}
