<?xml version='1.0' encoding='UTF-8'?>
<addon id="skin.atari" version="0.9.36" name="Atari" provider-name="Atari Corp.">
    <requires>
        <import addon="xbmc.gui" version="5.14.0"/>
        <import addon="script.skinshortcuts" version="0.4.0"/>
        <import addon="script.extendedinfo" version="3.0.0"/>
        <import addon="script.image.resource.select" version="0.0.5"/>
        <import addon="plugin.program.autocompletion" version="1.0.1"/>
        <import addon="resource.images.studios.white" version="0.0.10"/>
        <import addon="resource.images.moviegenreicons.transparent" version="0.0.6"/>
    </requires>
    <extension point="xbmc.gui.skin" defaultthemename="Textures.xbt" debugging="false" effectslowdown="1">
        <res width="1920" height="1080" aspect="16:9" default="true" folder="1080i"/>
    </extension>
    <extension point="xbmc.addon.metadata">
        <summary lang="en">Minimalistic. Customisable. Multiple Widgets.</summary>
        <description lang="en">Atari is highly customisable skin with multiple widgets and a horizontal home menu. Atari combines the minimalism and rounded edges of Arctic Zephyr with the sleek customisability of Horizon. Whilst the best Atari experience is had with a remote, Atari has been designed to accomodate mouse and touch users where possible.</description>
        <platform>all</platform>
        <license>Creative Commons Attribution Non-Commercial Share-Alike 4.0</license>
        <forum/>
        <source/>
        <assets>
            <icon>icon.png</icon>
            <fanart>fanart.jpg</fanart>
            <screenshot>resources/screenshot-01.jpg</screenshot>
            <screenshot>resources/screenshot-02.jpg</screenshot>
            <screenshot>resources/screenshot-03.jpg</screenshot>
            <screenshot>resources/screenshot-04.jpg</screenshot>
            <screenshot>resources/screenshot-05.jpg</screenshot>
        </assets>
    </extension>
</addon>
