<?xml version="1.0" encoding="UTF-8"?>
<includes>

    <!-- ==================== -->
    <!-- Notification Dialogs -->
    <!-- ==================== -->
    <include name="Dialog_Notification_Group">
        <right>view_pad</right>
        <centertop>50%</centertop>
        <height>80</height>
        <width>540</width>
        <include>Animation_FadeIn_Slide</include>
        <include>Animation_FadeOut</include>
    </include>

    <include name="Dialog_Notification_Icon">
        <right>0</right>
        <centertop>50%</centertop>
        <width>60</width>
        <height>60</height>
    </include>

    <include name="Dialog_Notification_MainLabel">
        <right>80</right>
        <left>0</left>
        <centertop>33%</centertop>
        <height>30</height>
        <aligny>center</aligny>
        <align>right</align>
        <font>font_notification</font>
        <textcolor>main_fg_100</textcolor>
    </include>


    <include name="Dialog_Notification_SubLabel">
        <right>80</right>
        <left>0</left>
        <centerbottom>33%</centerbottom>
        <height>30</height>
        <align>right</align>
        <textcolor>main_fg_70</textcolor>
        <font>font_statusbar</font>                
        <aligny>center</aligny>
    </include>

    <!-- ================ -->
    <!-- Standard Dialogs -->
    <!-- ================ -->

    <include name="Dialog_Standard_Group">
        <param name="width" default="1080" />
        <param name="height" default="900" />
        <param name="animation" default="true" />
        <definition>
            <centerleft>50%</centerleft>
            <centertop>50%</centertop>
            <width>$PARAM[width]</width>
            <height>$PARAM[height]</height>
            <include condition="$PARAM[animation]">Animation_FadeIn_Slide</include>
            <control type="image">
                <include condition="!Skin.HasSetting(DisableShadows)">Defs_Shadow_24</include>
                <texture border="16" colordiffuse="dialog_bg_100">common/rounded-dialog.png</texture>
            </control>
        </definition>
    </include>

    <include name="Dialog_Standard_List_Left">
        <left>0</left>
        <top>120</top>
        <width>700</width>
        <height>690</height>
    </include>

    <include name="Dialog_Standard_List_Left_Icon">
        <left>32</left>
        <top>12</top>
        <width>111</width>
        <height>111</height>
        <aspectratio scalediffuse="false">keep</aspectratio>
        <texture fallback="DefaultAddonNone.png" background="true">$INFO[Listitem.Icon]</texture>
    </include>

    <include name="Dialog_Standard_List_Left_Label">
        <centertop>35%</centertop>
        <left>170</left>
        <right>30</right>
        <height>30</height>
        <font>font_small_bold</font>
        <textcolor>dialog_fg_70</textcolor>
        <info>ListItem.Label</info>
    </include>

    <include name="Dialog_Standard_List_Left_Label2">
        <centerbottom>35%</centerbottom>
        <left>170</left>
        <right>30</right>
        <height>30</height>
        <font>font_tiny</font>
        <textcolor>dialog_fg_70</textcolor>
        <label>$INFO[ListItem.Label2]</label>
    </include>

    <include name="Dialog_Standard_Right_Buttons">
        <width>300</width>
        <height>70</height>
        <align>center</align>
        <font>font_button</font>
        <textcolor>dialog_fg_70</textcolor>
        <texturefocus colordiffuse="$VAR[ColorHighlight]" border="5">common/box.png</texturefocus>
        <alttexturefocus colordiffuse="$VAR[ColorHighlight]" border="5">common/box.png</alttexturefocus>
        <alttexturenofocus colordiffuse="dialog_fg_12" border="5">common/box.png</alttexturenofocus>
    </include>

    <include name="Dialog_Standard_Right_Grouplist">
        <top>120</top>
        <width>300</width>
        <itemgap>0</itemgap>
        <centerright>190</centerright>
        <orientation>vertical</orientation>
    </include>

    <include name="Dialog_Standard_Header">
        <left>20</left>
        <right>20</right>
        <top>15</top>
        <height>70</height>
        <font>font_medium_bold</font>
        <align>center</align>
        <textcolor>dialog_fg_70</textcolor>
    </include>

    <include name="Dialog_Standard_ListButton">
        <align>left</align>
        <height>66</height>
        <texturenofocus colordiffuse="dialog_fg_12" border="8">common/box.png</texturenofocus>
        <texturefocus colordiffuse="$VAR[ColorHighlight]" border="8">common/box.png</texturefocus>
        <alttexturenofocus colordiffuse="dialog_fg_12" border="8">common/box.png</alttexturenofocus>
        <alttexturefocus colordiffuse="$VAR[ColorHighlight]" border="8">common/box.png</alttexturefocus>
    </include>

    <include name="Dialog_Standard_OkCancel">
        <align>center</align>
        <font>font_button</font>
        <width>300</width>
        <texturenofocus colordiffuse="dialog_fg_12" border="8">common/box.png</texturenofocus>
        <texturefocus colordiffuse="$VAR[ColorHighlight]" border="8">common/box.png</texturefocus>
    </include>

    <include name="Dialog_Standard_OkCancel_GroupList">
        <bottom>20</bottom>
        <left>20</left>
        <right>20</right>
        <align>center</align>
        <itemgap>20</itemgap>
        <orientation>horizontal</orientation>
        <height>66</height>
    </include>

    <include name="Dialog_Standard_HintLabel">
        <top>33</top>
        <height>33</height>
        <font>font_tiny</font>
        <textcolor>dialog_fg_70</textcolor>
    </include>

    <!-- ============ -->
    <!-- Info Dialogs -->
    <!-- ============ -->

    <include name="Dialog_Info_Buttons">
        <width>320</width>
        <font>font_button</font>
        <texturefocus colordiffuse="$VAR[ColorHighlight]" border="5">common/box.png</texturefocus>
        <texturenofocus colordiffuse="dialog_fg_12" border="5">common/box.png</texturenofocus>
    </include>

    <include name="Dialog_Info_Details_Grouplist">
        <left>910</left>
        <right>sidepad</right>
        <top>106</top>
        <orientation>vertical</orientation>
        <usecontrolcoords>true</usecontrolcoords>
    </include>

    <!-- Ok Cancel Progress Yes No Dialog -->
    <include name="Dialog_Confirm">
        <param name="header_id" default="1" />
        <param name="textbox_id" default="9" />
        <param name="header_label" default="" />
        <param name="textbox_label" default="" />
        <definition>
            <centerleft>50%</centerleft>
            <top>360</top>
            <width>900</width>
            <include>Animation_FadeIn_Slide</include>
            <control type="image">
                <left>-46</left>
                <right>-46</right>
                <top>-46</top>
                <height>476</height>
                <bordertexture border="32">common/dark-shadow-24.png</bordertexture>
                <bordersize>24</bordersize>
                <texture border="16" colordiffuse="dialog_bg_100">common/rounded-dialog.png</texture>
            </control>

            <control type="label" id="$PARAM[header_id]">
                <description>Heading</description>
                <left>15</left>
                <right>15</right>
                <height>55</height>
                <font>font_medium_bold</font>
                <align>left</align>
                <label>$PARAM[header_label]</label>
            </control>
            
            <control type="textbox" id="$PARAM[textbox_id]">
                <description>Line 1</description>
                <left>15</left>
                <right>15</right>
                <top>108</top>
                <height>300</height>
                <label>$PARAM[textbox_label]</label>
            </control>
        </definition>
    </include>

    <include name="Dialog_VideoInfo_BusyIndicator">
        <control type="group">
            <top>-50</top>
            <visible>Container($PARAM[id]).IsUpdating</visible>
            <visible>Control.IsVisible($PARAM[id])</visible>
            <visible>!Window.IsVisible(DialogBusy.xml)</visible>
            <include>Animation_FadeIn</include>
            <control type="image">
                <description>Busy animation</description>
                <centerleft>50%</centerleft>
                <centertop>42%</centertop>
                <width>100</width>
                <height>100</height>
                <texture>dialog/loading-back.png</texture>
                <aspectratio>keep</aspectratio>
            </control>
            <control type="group">
                <description>Busy animation</description>
                <centerleft>50%</centerleft>
                <centertop>42%</centertop>
                <width>100</width>
                <height>100</height>
                <animation effect="rotate" condition="true" start="0" end="360" loop="true" time="1000" center="auto">Conditional</animation>
                <control type="image">
                    <texture colordiffuse="$VAR[ColorHighlight]">dialog/loading-spinner.png</texture>
                    <aspectratio>keep</aspectratio>
                </control>
                <control type="image">
                    <texture colordiffuse="$VAR[ColorHighlight2]">dialog/loading-spinner.png</texture>
                    <aspectratio>keep</aspectratio>
                    <animation effect="fade" condition="true" start="0" end="75" pulse="true" time="1000">Conditional</animation>
                </control>
            </control>
            <control type="label">
                <description>Busy label</description>
                <centerleft>50%</centerleft>
                <centertop>58%</centertop>
                <width>720</width>
                <height>108</height>
                <aligny>center</aligny>
                <align>center</align>
                <label>$LOCALIZE[20186]...</label>
                <textcolor>ffededed</textcolor>
            </control>
        </control>
    </include>

    <include name="Dialog_Custom_Content"><content target="$INFO[Window(Home).Property(CustomInfoList.Target)]">$INFO[Window(Home).Property(CustomInfoList.Content)]</content></include>

    <!-- ============== -->
    <!-- Settings Panel -->
    <!-- ============== -->
    <include name="Dialog_Settings_Panel">
        <animation type="WindowOpen" reversible="false" condition="!Window.Previous(SettingsCategory.xml) + !Window.Previous(SkinSettings.xml) + !Window.Previous(SettingsProfile.xml) + !Window.Previous(SettingsSystemInfo.xml)">
            <effect type="fade" start="0" end="100" time="300" tween="sine" easing="out"/>
            <effect type="slide" start="320" end="0" time="400" tween="cubic" easing="out" />
        </animation>
        <animation type="WindowClose" reversible="false" condition="!Window.Next(SettingsCategory.xml) + !Window.Next(SkinSettings.xml) + !Window.Next(SettingsProfile.xml) + !Window.Next(SettingsSystemInfo.xml)">
            <effect type="fade" start="100" end="0" time="300" tween="sine" easing="out" />
            <effect type="slide" start="0" end="320" time="300" tween="cubic" easing="out" />
        </animation>
        <left>0</left>
        <right>0</right>
        <top>view_top</top>
        <bottom>0</bottom>
    </include>

    <!-- ============= -->
    <!-- Dialog Select -->
    <!-- ============= -->
    <include name="Dialog_Select_Standard">
        <include>Global_Overlay</include>

        <control type="group">
            <include content="Dialog_Standard_Group">
                <param name="height" value="847" />
            </include>

            <!-- Header -->
            <control type="label" id="1">
                <include>Dialog_Standard_Header</include>
                <label>13406</label>
            </control>

            <!-- Simple List -->
            <control type="list" id="3">
                <left>0</left>
                <width>1080</width>
                <top>120</top>
                <height>690</height>
                <onleft>8000</onleft>
                <onright>8000</onright>
                <onup>3</onup>
                <ondown>3</ondown>
                <itemlayout height="69" width="1080">
                    <control type="label">
                        <left>30</left>
                        <right>30</right>
                        <font>font_small_bold</font>
                        <textcolor>dialog_fg_70</textcolor>
                        <height>66</height>
                        <aligny>center</aligny>
                        <info>ListItem.Label</info>
                        <animation effect="slide" start="0" end="54,0" condition="ListItem.IsSelected">Conditional</animation>
                    </control>
                    <control type="label">
                        <left>30</left>
                        <right>30</right>
                        <textcolor>dialog_fg_70</textcolor>
                        <align>right</align>
                        <height>66</height>
                        <aligny>center</aligny>
                        <info>ListItem.Label2</info>
                    </control>
                    <control type="image">
                        <left>30</left>
                        <centertop>50%</centertop>
                        <width>24</width>
                        <height>24</height>
                        <texture colordiffuse="$VAR[ColorHighlight]">osd/minicheck.png</texture>
                        <visible>ListItem.IsSelected</visible>
                    </control>
                </itemlayout>
                <focusedlayout height="69" width="1080">
                    <control type="group">
                        <height>66</height>
                        <animation effect="fade" start="100" end="50" condition="!Control.HasFocus(3)">Conditional</animation>
                        <control type="image">
                            <texture colordiffuse="$VAR[ColorHighlight]">common/white.png</texture>
                        </control>
                        <control type="image">
                            <texture colordiffuse="$VAR[ColorHighlight2]">common/gradient-diffuse-horizontal.png</texture>
                        </control>
                    </control>
                    <control type="label">
                        <left>30</left>
                        <right>30</right>
                        <height>66</height>
                        <font>font_small_bold</font>
                        <aligny>center</aligny>
                        <selectedcolor>Selected</selectedcolor>
                        <textcolor>Selected</textcolor>
                        <info>ListItem.Label</info>
                        <animation effect="slide" start="0" end="54,0" condition="ListItem.IsSelected">Conditional</animation>
                    </control>
                    <control type="label">
                        <left>30</left>
                        <right>30</right>
                        <align>right</align>
                        <height>66</height>
                        <aligny>center</aligny>
                        <selectedcolor>Selected</selectedcolor>
                        <textcolor>Selected</textcolor>
                        <info>ListItem.Label2</info>
                    </control>
                    <control type="image">
                        <left>30</left>
                        <centertop>50%</centertop>
                        <width>24</width>
                        <height>24</height>
                        <texture colordiffuse="Selected">osd/minicheck.png</texture>
                        <visible>ListItem.IsSelected</visible>
                    </control>
                </focusedlayout>
            </control>

            <!-- Detailed List -->
            <control type="panel" id="6">
                <include>Dialog_Standard_List_Left</include>
                <onleft>8000</onleft>
                <onright>61</onright>
                <onup>6</onup>
                <ondown>6</ondown>
                <pagecontrol>61</pagecontrol>
                <itemlayout height="138" width="700">
                    <control type="image">
                        <include>Dialog_Standard_List_Left_Icon</include>
                        <visible>!String.Contains(ListItem.Icon,special://skin/) + !String.Contains(ListItem.Icon,Default)</visible>
                    </control>
                    <control type="image">
                        <colordiffuse>dialog_fg_70</colordiffuse>
                        <include>Dialog_Standard_List_Left_Icon</include>
                        <visible>String.Contains(ListItem.Icon,special://skin/) | String.Contains(ListItem.Icon,Default)</visible>
                    </control>
                    <control type="group">
                        <visible>ListItem.IsSelected</visible>
                        <control type="label">
                            <animation effect="slide" end="0,18" condition="String.IsEmpty(ListItem.Label2)">Conditional</animation>
                            <right>84</right>
                            <include>Dialog_Standard_List_Left_Label</include>
                        </control>
                        <control type="label">
                            <right>84</right>
                            <include>Dialog_Standard_List_Left_Label2</include>
                        </control>
                        <control type="image">
                            <right>30</right>
                            <centertop>50%</centertop>
                            <width>24</width>
                            <height>24</height>
                            <texture colordiffuse="$VAR[ColorHighlight]">osd/minicheck.png</texture>
                        </control>
                    </control>
                    <control type="group">
                        <visible>!ListItem.IsSelected</visible>
                        <control type="label">
                            <animation effect="slide" end="0,18" condition="String.IsEmpty(ListItem.Label2)">Conditional</animation>
                            <include>Dialog_Standard_List_Left_Label</include>
                        </control>
                        <control type="label">
                            <include>Dialog_Standard_List_Left_Label2</include>
                        </control>
                    </control>
                </itemlayout>
                <focusedlayout height="138" width="700">
                    <control type="group">
                        <width>100%</width>
                        <height>135</height>
                        <control type="image">
                            <texture colordiffuse="$VAR[ColorHighlight]">common/white.png</texture>
                        </control>
                        <control type="image">
                            <texture colordiffuse="$VAR[ColorHighlight2]">common/gradient-diffuse-horizontal.png</texture>
                        </control>
                    </control>
                    <control type="image">
                        <include>Dialog_Standard_List_Left_Icon</include>
                    </control>
                    <control type="group">
                        <visible>ListItem.IsSelected</visible>
                        <control type="label">
                            <right>84</right>
                            <selectedcolor>Selected</selectedcolor>
                            <textcolor>Selected</textcolor>
                            <animation effect="slide" end="0,18" condition="String.IsEmpty(ListItem.Label2)">Conditional</animation>
                            <include>Dialog_Standard_List_Left_Label</include>
                        </control>
                        <control type="label">
                            <right>84</right>
                            <selectedcolor>Selected</selectedcolor>
                            <textcolor>Selected</textcolor>
                            <include>Dialog_Standard_List_Left_Label2</include>
                        </control>
                        <control type="image">
                            <right>30</right>
                            <centertop>50%</centertop>
                            <width>24</width>
                            <height>24</height>
                            <texture colordiffuse="Selected">osd/minicheck.png</texture>
                        </control>
                    </control>
                    <control type="group">
                        <visible>!ListItem.IsSelected</visible>
                        <control type="label">
                            <selectedcolor>Selected</selectedcolor>
                            <textcolor>Selected</textcolor>
                            <animation effect="slide" end="0,18" condition="String.IsEmpty(ListItem.Label2)">Conditional</animation>
                            <include>Dialog_Standard_List_Left_Label</include>
                        </control>
                        <control type="label">
                            <selectedcolor>Selected</selectedcolor>
                            <textcolor>Selected</textcolor>
                            <include>Dialog_Standard_List_Left_Label2</include>
                        </control>
                    </control>
                </focusedlayout>
            </control>

            <control type="image">
                <centerleft>50%</centerleft>
                <bottom>-32</bottom>
                <height>16</height>
                <width>16</width>
                <visible>Container(6).HasNext | Container(3).HasNext</visible>
                <texture colordiffuse="dialog_fg_70">common/arrow-small.png</texture>
            </control>
            <control type="image">
                <centerleft>50%</centerleft>
                <top>-32</top>
                <height>16</height>
                <width>16</width>
                <visible>Container(6).HasPrevious | Container(3).HasPrevious</visible>
                <texture colordiffuse="dialog_fg_70" flipy="true">common/arrow-small.png</texture>
            </control>

            <!-- Buttons -->
            <control type="grouplist" id="8000">
                <include>Dialog_Standard_Right_Grouplist</include>
                <onleft condition="Control.IsVisible(61)">61</onleft>
                <onleft condition="!Control.IsVisible(61) + Control.IsVisible(3)">3</onleft>
                <onright condition="Control.IsVisible(3)">3</onright>
                <onleft condition="!Control.IsVisible(61) + Control.IsVisible(6)">6</onleft>
                <onright condition="Control.IsVisible(6)">6</onright>
                <animation effect="slide" start="0" end="22,-100" condition="!Control.IsVisible(6)">Conditional</animation>
                <control type="button" id="5">
                    <label>368</label>
                    <include>Dialog_Standard_Right_Buttons</include>
                </control>
                <control type="button" id="7">
                    <visible>!Control.IsVisible(3)</visible>
                    <label>222</label>
                    <include>Dialog_Standard_Right_Buttons</include>
                </control>
            </control>

            <!-- Big Image -->
            <control type="group">
                <centerright>190</centerright>
                <top>357</top>
                <width>300</width>
                <height>450</height>
                <visible>Control.IsVisible(6)</visible>
                <control type="image">
                    <visible>String.Contains(Container(6).ListItem.Icon,special://skin/) | String.Contains(Container(6).ListItem.Icon,Default)</visible>
                    <texture colordiffuse="dialog_fg_70">$INFO[Container(6).ListItem.Icon]</texture>
                    <aspectratio align="center" aligny="bottom">keep</aspectratio>
                </control>
                <control type="image">
                    <visible>!String.Contains(Container(6).ListItem.Icon,special://skin/) + !String.Contains(Container(6).ListItem.Icon,Default)</visible>
                    <texture>$INFO[Container(6).ListItem.Icon]</texture>
                    <aspectratio align="center" aligny="bottom">keep</aspectratio>
                </control>
            </control>

            <!-- Separator -->
            <control type="image">
                <left>699</left>
                <top>120</top>
                <height>687</height>
                <width>1</width>
                <texture colordiffuse="PixelLines">common/white.png</texture>
                <visible>Control.IsVisible(6) + !Control.IsVisible(61)</visible>
            </control>
            <control type="image">
                <left>700</left>
                <top>120</top>
                <height>687</height>
                <width>1</width>
                <texture colordiffuse="darkline_separator">common/white.png</texture>
                <visible>Control.IsVisible(6) + !Control.IsVisible(61)</visible>
            </control>
            <control type="scrollbar" id="61">
                <orientation>vertical</orientation>
                <left>700</left>
                <width>8</width>
                <top>120</top>
                <height>687</height>
                <onleft>6</onleft>
                <onright>8000</onright>
                <visible>Control.IsVisible(6)</visible>
                <texturesliderbackground colordiffuse="dialog_fg_12">osd/progress-end.png</texturesliderbackground>
                <texturesliderbar colordiffuse="dialog_fg_12">osd/progress-end.png</texturesliderbar>
            </control>
        </control>
    </include>

    <include name="Dialog_Select_Game">
        <control type="group">
            <bottom>0</bottom>
            <height>520</height>
            <include>Animation_FadeIn_SlideUp</include>
            <control type="image">
                <texture colordiffuse="panel_bg">common/white.png</texture>
                <height>620</height>
            </control>
            <control type="image">
                <top>-24</top>
                <height>24</height>
                <width>100%</width>
                <texture flipy="true">common/shadow-line-24px.png</texture>
            </control>
            <control type="group">
                <control type="textbox" id="12">
                    <centerleft>50%</centerleft>
                    <top>40</top>
                    <width>1080</width>
                    <height>70</height>
                    <align>center</align>
                    <aligny>center</aligny>
                    <font>font_tiny</font>
                    <textcolor>panel_fg_100</textcolor>
                </control>
                <control type="fixedlist" id="11">
                    <orientation>horizontal</orientation>
                    <focusposition>1</focusposition>
                    <movement>1</movement>
                    <preloaditems>2</preloaditems>
                    <bottom>40</bottom>
                    <height>370</height>
                    <ondown>9000</ondown>
                    <onup>9000</onup>
                    <itemlayout width="502" height="330">
                        <control type="group">
                            <top>20</top>
                            <left>213</left>
                            <right>-213</right>
                            <bottom>-20</bottom>
                            <control type="gamewindow">
                                <height>260</height>
                                <left>20</left>
                                <right>20</right>
                                <top>20</top>  
                                <videofilter>$INFO[ListItem.Property(game.videofilter)]</videofilter>
                                <stretchmode>$INFO[ListItem.Property(game.stretchmode)]</stretchmode>
                                <rotation>$INFO[ListItem.Property(game.videorotation)]</rotation>
                            </control>
                            <control type="label">
                                <textcolor>panel_fg_70</textcolor>
                                <label>$INFO[ListItem.Label]</label>
                                <top>300</top>
                                <height>30</height>
                                <left>20</left>
                                <right>20</right>
                                <font>font_tiny</font>
                            </control>
                            <control type="label">
                                <textcolor>panel_fg_70</textcolor>
                                <label>$INFO[ListItem.Label2]</label>
                                <top>300</top>
                                <height>30</height>
                                <left>20</left>
                                <right>20</right>
                                <font>font_tiny</font>
                                <align>right</align>
                            </control>
                        </control>
                    </itemlayout>
                    <focusedlayout width="502" height="330">
                        <control type="group">
                            <top>20</top>
                            <left>213</left>
                            <right>-213</right>
                            <bottom>-20</bottom>
                            <control type="gamewindow">
                                <height>260</height>
                                <left>20</left>
                                <right>20</right>
                                <top>20</top>  
                                <videofilter>$INFO[ListItem.Property(game.videofilter)]</videofilter>
                                <stretchmode>$INFO[ListItem.Property(game.stretchmode)]</stretchmode>
                                <rotation>$INFO[ListItem.Property(game.videorotation)]</rotation>
                            </control>
                            <control type="group">
                                <left>10</left>
                                <right>10</right>
                                <top>10</top>
                                <height>280</height>
                                <visible>Control.HasFocus(11)</visible>
                                <include>View_Selectbox</include>
                            </control>
                            <control type="label">
                                <textcolor>panel_fg_100</textcolor>
                                <label>$INFO[ListItem.Label]</label>
                                <top>300</top>
                                <height>30</height>
                                <left>20</left>
                                <right>20</right>
                                <font>font_tiny</font>
                            </control>
                            <control type="label">
                                <textcolor>panel_fg_100</textcolor>
                                <label>$INFO[ListItem.Label2]</label>
                                <top>300</top>
                                <height>30</height>
                                <left>20</left>
                                <right>20</right>
                                <font>font_tiny</font>
                                <align>right</align>
                            </control>
                        </control>
                    </focusedlayout>
                </control>
            </control>
        </control>
    </include>
</includes>
