<?xml version="1.0" encoding="UTF-8" standalone="yes"?>
<addon id="repository.atari" name="[COLOR gold]Atari Corp.[/COLOR] Repo" version="1.0.2" provider-name="Atari Corp.">
    <requires>
        <import addon="xbmc.addon" version="12.0.0"/>
    </requires>
    <extension point="xbmc.addon.repository" name="Atari Repo">
        <info>https://github.com/DelMaiz/Repo/raw/master/addons.xml</info>
        <checksum>https://github.com/DelMaiz/Repo/raw/master/addons.xml.md5</checksum>
        <datadir zip="true">https://github.com/DelMaiz/Repo/raw/master</datadir>
    </extension>
    <extension point="xbmc.addon.metadata">
        <summary>Repositorio para Atari</summary>
        <description></description>
        <disclaimer>The owners and submitters to this repository do not host or distribute any of the content displayed by these addons nor do they have any affiliation with the content providers.</disclaimer>
        <platform>all</platform>
    </extension>
</addon>
